order_id,symbol,strategy,trail_count,profit_booked,profit,closure_type,time_setup,time_done
287067889,XAGUSD.s,FibPivot,1,0.0,0.0,🤖 Bot,2025-10-10 04:11:18+05:30,2025-10-10 04:11:19+05:30
287067884,XAGUSD.s,Pivot,1,0.0,0.0,🤖 Bot,2025-10-10 04:11:16+05:30,2025-10-10 04:11:17+05:30
287067014,XAGUSD.s,FibPivot,0,0.0,0.0,🤖 Bot,2025-10-10 04:06:45+05:30,2025-10-10 04:06:45+05:30
287066936,XAUUSD.s,FibPivot,3,0.0,0.0,🤖 Bot,2025-10-10 04:05:40+05:30,2025-10-10 04:05:40+05:30
287066934,XAUUSD.s,Pivot,3,0.0,0.0,🤖 Bot,2025-10-10 04:05:38+05:30,2025-10-10 04:05:38+05:30
287065284,NAS100.s,FibPivot,0,0.0,0.0,🤖 Bot,2025-10-10 03:57:08+05:30,2025-10-10 03:57:08+05:30
287065283,NAS100.s,Pivot,0,0.0,0.0,🤖 Bot,2025-10-10 03:57:06+05:30,2025-10-10 03:57:06+05:30
287063358,NAS100.s,Pivot,0,0.0,0.0,🤖 Bot,2025-10-10 03:45:36+05:30,2025-10-10 03:45:36+05:30
287063349,XAGUSD.s,FibPivot,0,0.0,0.0,🤖 Bot,2025-10-10 03:45:33+05:30,2025-10-10 03:45:33+05:30
287063338,XAGUSD.s,Pivot,0,0.0,0.0,🤖 Bot,2025-10-10 03:45:31+05:30,2025-10-10 03:45:31+05:30
287063015,NAS100.s,FibPivot,12,1014.3599999999998,0.0,🤖 Bot,2025-10-10 03:44:28+05:30,2025-10-10 03:44:29+05:30
287063008,NAS100.s,Pivot,11,953.7900000000001,0.0,🤖 Bot,2025-10-10 03:44:26+05:30,2025-10-10 03:44:26+05:30
287062993,NAS100.s,Scalper,10,958.5899999999998,0.0,🤖 Bot,2025-10-10 03:44:24+05:30,2025-10-10 03:44:24+05:30
287062986,XAGUSD.s,Pivot,17,0.0,0.0,🤖 Bot,2025-10-10 03:44:22+05:30,2025-10-10 03:44:22+05:30
287062956,XAGUSD.s,Scalper,17,0.0,0.0,🤖 Bot,2025-10-10 03:44:20+05:30,2025-10-10 03:44:20+05:30
287062891,XAUUSD.s,Scalper,9,0.0,0.0,🤖 Bot,2025-10-10 03:44:16+05:30,2025-10-10 03:44:16+05:30
287060563,XAGUSD.s,FibPivot,5,0.0,0.0,🤖 Bot,2025-10-10 03:30:42+05:30,2025-10-10 03:30:42+05:30
287060561,XAGUSD.s,Pivot,5,0.0,0.0,🤖 Bot,2025-10-10 03:30:39+05:30,2025-10-10 03:30:40+05:30
287058767,XAUUSD.s,Scalper,9,0.0,0.0,🤖 Bot,2025-10-10 03:14:15+05:30,2025-10-10 03:14:15+05:30
287058113,NAS100.s,Scalper,12,582.63,0.0,🤖 Bot,2025-10-10 03:11:09+05:30,2025-10-10 03:11:09+05:30
287056161,NAS100.s,FibPivot,4,0.0,0.0,🤖 Bot,2025-10-10 02:58:46+05:30,2025-10-10 02:58:47+05:30
287056155,NAS100.s,Pivot,4,0.0,0.0,🤖 Bot,2025-10-10 02:58:45+05:30,2025-10-10 02:58:45+05:30
287054953,XAUUSD.s,FibPivot,14,0.0,0.0,🤖 Bot,2025-10-10 02:51:07+05:30,2025-10-10 02:51:07+05:30
287054932,XAUUSD.s,Pivot,14,0.0,0.0,🤖 Bot,2025-10-10 02:51:05+05:30,2025-10-10 02:51:05+05:30
287052214,XAUUSD.s,Scalper,4,0.0,0.0,🤖 Bot,2025-10-10 02:44:37+05:30,2025-10-10 02:44:38+05:30
287050846,XAGUSD.s,FibPivot,18,0.0,0.0,🤖 Bot,2025-10-10 02:41:26+05:30,2025-10-10 02:41:26+05:30
287050843,XAGUSD.s,Pivot,18,0.0,0.0,🤖 Bot,2025-10-10 02:41:24+05:30,2025-10-10 02:41:24+05:30
287047210,XAUUSD.s,FibPivot,9,56.85,0.0,🤖 Bot,2025-10-10 02:31:00+05:30,2025-10-10 02:31:00+05:30
287047188,XAUUSD.s,Pivot,9,58.2,0.0,🤖 Bot,2025-10-10 02:30:58+05:30,2025-10-10 02:30:58+05:30
287047169,XAUUSD.s,Scalper,9,56.9,0.0,🤖 Bot,2025-10-10 02:30:56+05:30,2025-10-10 02:30:56+05:30
287045171,XAGUSD.s,Pivot,0,0.0,0.0,🤖 Bot,2025-10-10 02:25:39+05:30,2025-10-10 02:25:39+05:30
287043006,XAUUSD.s,Scalper,3,0.0,0.0,🤖 Bot,2025-10-10 02:18:22+05:30,2025-10-10 02:18:22+05:30
287042719,NAS100.s,FibPivot,3,0.0,0.0,🤖 Bot,2025-10-10 02:17:19+05:30,2025-10-10 02:17:19+05:30
287042649,NAS100.s,Pivot,2,0.0,0.0,🤖 Bot,2025-10-10 02:17:16+05:30,2025-10-10 02:17:16+05:30
287040133,XAGUSD.s,FibPivot,3,0.0,0.0,🤖 Bot,2025-10-10 02:06:43+05:30,2025-10-10 02:06:43+05:30
287040123,XAGUSD.s,Pivot,3,0.0,0.0,🤖 Bot,2025-10-10 02:06:34+05:30,2025-10-10 02:06:35+05:30
287039957,XAUUSD.s,Pivot,8,0.0,0.0,🤖 Bot,2025-10-10 02:05:29+05:30,2025-10-10 02:05:29+05:30
287039465,NAS100.s,FibPivot,2,0.0,0.0,🤖 Bot,2025-10-10 02:03:25+05:30,2025-10-10 02:03:25+05:30
287039456,NAS100.s,Pivot,1,0.0,0.0,🤖 Bot,2025-10-10 02:03:23+05:30,2025-10-10 02:03:23+05:30
287039165,NAS100.s,FibPivot,13,1087.95,0.0,🤖 Bot,2025-10-10 02:02:20+05:30,2025-10-10 02:02:20+05:30
287039155,NAS100.s,Pivot,14,816.4499999999999,0.0,🤖 Bot,2025-10-10 02:02:17+05:30,2025-10-10 02:02:17+05:30
287039148,XAGUSD.s,FibPivot,3,0.0,0.0,🤖 Bot,2025-10-10 02:02:14+05:30,2025-10-10 02:02:14+05:30
287039142,XAGUSD.s,Pivot,5,0.0,0.0,🤖 Bot,2025-10-10 02:02:12+05:30,2025-10-10 02:02:12+05:30
287039109,XAGUSD.s,Scalper,6,0.0,0.0,🤖 Bot,2025-10-10 02:02:09+05:30,2025-10-10 02:02:09+05:30
287039069,XAUUSD.s,Pivot,1,0.0,0.0,🤖 Bot,2025-10-10 02:02:06+05:30,2025-10-10 02:02:06+05:30
287039022,XAUUSD.s,Scalper,2,0.0,0.0,🤖 Bot,2025-10-10 02:02:04+05:30,2025-10-10 02:02:04+05:30
287037014,XAGUSD.s,FibPivot,3,0.0,0.0,🤖 Bot,2025-10-10 01:55:27+05:30,2025-10-10 01:55:27+05:30
287036993,XAGUSD.s,Pivot,3,0.0,0.0,🤖 Bot,2025-10-10 01:55:24+05:30,2025-10-10 01:55:24+05:30
287036967,XAUUSD.s,Pivot,1,0.0,0.0,🤖 Bot,2025-10-10 01:55:21+05:30,2025-10-10 01:55:21+05:30
287034343,NAS100.s,MeanReversion,2,0.0,0.0,🤖 Bot,2025-10-10 01:48:42+05:30,2025-10-10 01:48:42+05:30
287034293,XAUUSD.s,FibPivot,3,0.0,0.0,🤖 Bot,2025-10-10 01:48:34+05:30,2025-10-10 01:48:34+05:30
287034272,XAUUSD.s,Pivot,3,0.0,0.0,🤖 Bot,2025-10-10 01:48:31+05:30,2025-10-10 01:48:32+05:30
287031990,XAUUSD.s,FibPivot,2,0.0,0.0,🤖 Bot,2025-10-10 01:45:10+05:30,2025-10-10 01:45:11+05:30
287031968,XAUUSD.s,Pivot,2,0.0,0.0,🤖 Bot,2025-10-10 01:45:08+05:30,2025-10-10 01:45:08+05:30
287029134,XAGUSD.s,FibPivot,0,0.0,0.0,🤖 Bot,2025-10-10 01:40:38+05:30,2025-10-10 01:40:38+05:30
287029123,XAGUSD.s,Pivot,0,0.0,0.0,🤖 Bot,2025-10-10 01:40:35+05:30,2025-10-10 01:40:35+05:30
287024353,NAS100.s,MeanReversion,4,0.0,0.0,🤖 Bot,2025-10-10 01:28:40+05:30,2025-10-10 01:28:40+05:30
287023662,XAUUSD.s,MeanReversion,2,0.0,0.0,🤖 Bot,2025-10-10 01:27:25+05:30,2025-10-10 01:27:25+05:30
287022096,XAUUSD.s,FibPivot,6,54.0,0.0,🤖 Bot,2025-10-10 01:25:14+05:30,2025-10-10 01:25:14+05:30
287022063,XAUUSD.s,Pivot,5,55.9,0.0,🤖 Bot,2025-10-10 01:25:11+05:30,2025-10-10 01:25:11+05:30
287020977,XAUUSD.s,MeanReversion,0,0.0,0.0,🤖 Bot,2025-10-10 01:24:06+05:30,2025-10-10 01:24:06+05:30
287020399,NAS100.s,FibPivot,15,3119.2099999999996,0.0,🤖 Bot,2025-10-10 01:23:01+05:30,2025-10-10 01:23:01+05:30
287020371,NAS100.s,Pivot,16,3083.2100000000005,0.0,🤖 Bot,2025-10-10 01:22:58+05:30,2025-10-10 01:22:58+05:30
287018540,XAUUSD.s,MeanReversion,1,0.0,0.0,🤖 Bot,2025-10-10 01:17:39+05:30,2025-10-10 01:17:40+05:30
287018034,XAGUSD.s,FibPivot,15,0.0,0.0,🤖 Bot,2025-10-10 01:16:36+05:30,2025-10-10 01:16:36+05:30
287018013,XAGUSD.s,Pivot,15,0.0,0.0,🤖 Bot,2025-10-10 01:16:33+05:30,2025-10-10 01:16:33+05:30
287017453,NAS100.s,FibPivot,3,0.0,0.0,🤖 Bot,2025-10-10 01:15:21+05:30,2025-10-10 01:15:21+05:30
287017395,NAS100.s,Pivot,3,0.0,0.0,🤖 Bot,2025-10-10 01:15:17+05:30,2025-10-10 01:15:17+05:30
287017350,NAS100.s,Scalper,4,0.0,0.0,🤖 Bot,2025-10-10 01:15:13+05:30,2025-10-10 01:15:13+05:30
287017268,XAGUSD.s,FibPivot,0,0.0,0.0,🤖 Bot,2025-10-10 01:15:06+05:30,2025-10-10 01:15:06+05:30
287017258,XAGUSD.s,Pivot,0,0.0,0.0,🤖 Bot,2025-10-10 01:15:03+05:30,2025-10-10 01:15:03+05:30
287017235,XAGUSD.s,Scalper,0,0.0,0.0,🤖 Bot,2025-10-10 01:15:00+05:30,2025-10-10 01:15:00+05:30
287017200,XAUUSD.s,FibPivot,3,50.85,0.0,🤖 Bot,2025-10-10 01:14:58+05:30,2025-10-10 01:14:58+05:30
287017179,XAUUSD.s,Pivot,2,52.05,0.0,🤖 Bot,2025-10-10 01:14:55+05:30,2025-10-10 01:14:56+05:30
287017175,XAUUSD.s,MeanReversion,0,0.0,0.0,🤖 Bot,2025-10-10 01:14:53+05:30,2025-10-10 01:14:53+05:30
287017160,XAUUSD.s,Scalper,0,0.0,0.0,🤖 Bot,2025-10-10 01:14:50+05:30,2025-10-10 01:14:50+05:30
287016280,XAUUSD.s,Pivot,0,0.0,0.0,🤖 Bot,2025-10-10 01:12:42+05:30,2025-10-10 01:12:42+05:30
287016267,XAUUSD.s,MeanReversion,1,0.0,0.0,🤖 Bot,2025-10-10 01:12:40+05:30,2025-10-10 01:12:40+05:30
287015320,NAS100.s,Scalper,2,0.0,0.0,🤖 Bot,2025-10-10 01:11:37+05:30,2025-10-10 01:11:38+05:30
287015277,XAGUSD.s,MeanReversion,2,0.0,0.0,🤖 Bot,2025-10-10 01:11:32+05:30,2025-10-10 01:11:32+05:30
287014338,XAUUSD.s,MeanReversion,0,0.0,0.0,🤖 Bot,2025-10-10 01:10:22+05:30,2025-10-10 01:10:23+05:30
287013895,XAGUSD.s,MeanReversion,0,0.0,0.0,🤖 Bot,2025-10-10 01:09:19+05:30,2025-10-10 01:09:19+05:30
287013001,XAUUSD.s,Pivot,4,57.85,0.0,🤖 Bot,2025-10-10 01:07:10+05:30,2025-10-10 01:07:10+05:30
287012990,XAUUSD.s,MeanReversion,0,0.0,0.0,🤖 Bot,2025-10-10 01:07:07+05:30,2025-10-10 01:07:07+05:30
287011233,XAGUSD.s,FibPivot,4,0.0,0.0,🤖 Bot,2025-10-10 01:05:03+05:30,2025-10-10 01:05:03+05:30
287011193,XAGUSD.s,Pivot,5,0.0,0.0,🤖 Bot,2025-10-10 01:05:01+05:30,2025-10-10 01:05:01+05:30
287011089,XAUUSD.s,MeanReversion,0,0.0,0.0,🤖 Bot,2025-10-10 01:04:58+05:30,2025-10-10 01:04:59+05:30
287010205,XAGUSD.s,MeanReversion,0,0.0,0.0,🤖 Bot,2025-10-10 01:03:56+05:30,2025-10-10 01:03:56+05:30
287008210,XAUUSD.s,Scalper,3,0.0,0.0,🤖 Bot,2025-10-10 00:54:31+05:30,2025-10-10 00:54:32+05:30
287007586,NAS100.s,Scalper,5,0.0,0.0,🤖 Bot,2025-10-10 00:52:25+05:30,2025-10-10 00:52:25+05:30
287007580,XAGUSD.s,MeanReversion,0,0.0,0.0,🤖 Bot,2025-10-10 00:52:22+05:30,2025-10-10 00:52:22+05:30
287005268,XAUUSD.s,FibPivot,8,55.0,0.0,🤖 Bot,2025-10-10 00:41:02+05:30,2025-10-10 00:41:02+05:30
287005251,XAUUSD.s,Pivot,8,54.75,0.0,🤖 Bot,2025-10-10 00:40:59+05:30,2025-10-10 00:41:00+05:30
287004553,XAGUSD.s,FibPivot,2,0.0,0.0,🤖 Bot,2025-10-10 00:37:23+05:30,2025-10-10 00:37:24+05:30
287004547,XAGUSD.s,Pivot,2,0.0,0.0,🤖 Bot,2025-10-10 00:37:21+05:30,2025-10-10 00:37:21+05:30
287003736,NAS100.s,Pivot,7,134.39999999999998,0.0,🤖 Bot,2025-10-10 00:32:53+05:30,2025-10-10 00:32:54+05:30
287002741,XAUUSD.s,FibPivot,0,0.0,0.0,🤖 Bot,2025-10-10 00:29:21+05:30,2025-10-10 00:29:21+05:30
287002738,XAUUSD.s,Pivot,0,0.0,0.0,🤖 Bot,2025-10-10 00:29:19+05:30,2025-10-10 00:29:19+05:30
286998333,XAUUSD.s,FibPivot,12,52.5,0.0,🤖 Bot,2025-10-10 00:11:50+05:30,2025-10-10 00:11:51+05:30
286998317,XAUUSD.s,Pivot,12,0.0,0.0,🤖 Bot,2025-10-10 00:11:48+05:30,2025-10-10 00:11:48+05:30
286998306,XAUUSD.s,Scalper,11,0.0,0.0,🤖 Bot,2025-10-10 00:11:45+05:30,2025-10-10 00:11:46+05:30
286997814,NAS100.s,FibPivot,2,0.0,0.0,🤖 Bot,2025-10-10 00:10:42+05:30,2025-10-10 00:10:43+05:30
286997787,NAS100.s,Pivot,2,0.0,0.0,🤖 Bot,2025-10-10 00:10:40+05:30,2025-10-10 00:10:40+05:30
286996300,NAS100.s,FibPivot,10,2934.9500000000003,0.0,🤖 Bot,2025-10-10 00:06:25+05:30,2025-10-10 00:06:25+05:30
286996283,NAS100.s,Pivot,11,2802.63,0.0,🤖 Bot,2025-10-10 00:06:22+05:30,2025-10-10 00:06:22+05:30
286996272,NAS100.s,Scalper,12,2714.429999999999,0.0,🤖 Bot,2025-10-10 00:06:20+05:30,2025-10-10 00:06:20+05:30
286994065,XAUUSD.s,FibPivot,6,50.35,0.0,🤖 Bot,2025-10-10 00:01:56+05:30,2025-10-10 00:01:56+05:30
286994057,XAUUSD.s,Pivot,6,0.0,0.0,🤖 Bot,2025-10-10 00:01:54+05:30,2025-10-10 00:01:54+05:30
286993611,XAGUSD.s,Scalper,0,0.0,0.0,🤖 Bot,2025-10-10 00:00:47+05:30,2025-10-10 00:00:47+05:30
286993583,XAUUSD.s,Scalper,1,0.0,0.0,🤖 Bot,2025-10-10 00:00:43+05:30,2025-10-10 00:00:43+05:30
286991528,XAGUSD.s,FibPivot,0,0.0,0.0,🤖 Bot,2025-10-09 23:56:29+05:30,2025-10-09 23:56:29+05:30
286991522,XAGUSD.s,Pivot,0,0.0,0.0,🤖 Bot,2025-10-09 23:56:26+05:30,2025-10-09 23:56:26+05:30
286991515,XAGUSD.s,Scalper,0,0.0,0.0,🤖 Bot,2025-10-09 23:56:24+05:30,2025-10-09 23:56:24+05:30
286991151,NAS100.s,Scalper,0,0.0,0.0,🤖 Bot,2025-10-09 23:55:21+05:30,2025-10-09 23:55:22+05:30
286991133,XAGUSD.s,FibPivot,28,51.55,0.0,🤖 Bot,2025-10-09 23:55:18+05:30,2025-10-09 23:55:19+05:30
286991109,XAGUSD.s,Pivot,31,51.65,0.0,🤖 Bot,2025-10-09 23:55:15+05:30,2025-10-09 23:55:15+05:30
286990723,XAGUSD.s,FibPivot,0,0.0,0.0,🤖 Bot,2025-10-09 23:54:10+05:30,2025-10-09 23:54:11+05:30
286990691,XAGUSD.s,Scalper,0,0.0,0.0,🤖 Bot,2025-10-09 23:54:07+05:30,2025-10-09 23:54:07+05:30
286988774,XAGUSD.s,FibPivot,0,0.0,0.0,🤖 Bot,2025-10-09 23:49:46+05:30,2025-10-09 23:49:46+05:30
286988764,XAGUSD.s,Pivot,0,0.0,0.0,🤖 Bot,2025-10-09 23:49:43+05:30,2025-10-09 23:49:44+05:30
286988381,XAGUSD.s,Scalper,0,0.0,0.0,🤖 Bot,2025-10-09 23:48:36+05:30,2025-10-09 23:48:36+05:30
286984338,NAS100.s,FibPivot,9,124.44,0.0,🤖 Bot,2025-10-09 23:37:42+05:30,2025-10-09 23:37:42+05:30
286984312,NAS100.s,Pivot,11,121.04,0.0,🤖 Bot,2025-10-09 23:37:40+05:30,2025-10-09 23:37:40+05:30
286981154,XAGUSD.s,FibPivot,1,0.0,0.0,🤖 Bot,2025-10-09 23:30:04+05:30,2025-10-09 23:30:04+05:30
286981138,XAGUSD.s,Pivot,1,0.0,0.0,🤖 Bot,2025-10-09 23:30:02+05:30,2025-10-09 23:30:02+05:30
286980407,XAUUSD.s,FibPivot,9,52.8,0.0,🤖 Bot,2025-10-09 23:27:47+05:30,2025-10-09 23:27:48+05:30
286980397,XAUUSD.s,Pivot,9,52.6,0.0,🤖 Bot,2025-10-09 23:27:45+05:30,2025-10-09 23:27:45+05:30
286977430,XAUUSD.s,Pivot,7,0.0,0.0,🤖 Bot,2025-10-09 23:21:35+05:30,2025-10-09 23:21:35+05:30
286977422,XAUUSD.s,Scalper,8,0.0,0.0,🤖 Bot,2025-10-09 23:21:33+05:30,2025-10-09 23:21:33+05:30
286975212,NAS100.s,FibPivot,12,1648.55,0.0,🤖 Bot,2025-10-09 23:17:15+05:30,2025-10-09 23:17:15+05:30
286975203,NAS100.s,Pivot,12,1777.19,0.0,🤖 Bot,2025-10-09 23:17:12+05:30,2025-10-09 23:17:13+05:30
286968942,XAGUSD.s,Scalper,19,54.45,0.0,🤖 Bot,2025-10-09 23:05:29+05:30,2025-10-09 23:05:29+05:30
286967709,XAUUSD.s,FibPivot,7,51.5,0.0,🤖 Bot,2025-10-09 23:03:21+05:30,2025-10-09 23:03:21+05:30
286967685,XAUUSD.s,Pivot,8,52.95,0.0,🤖 Bot,2025-10-09 23:03:19+05:30,2025-10-09 23:03:19+05:30
286967147,NAS100.s,MeanReversion,1,0.0,0.0,🤖 Bot,2025-10-09 23:02:16+05:30,2025-10-09 23:02:16+05:30
286963438,XAUUSD.s,FibPivot,3,0.0,0.0,🤖 Bot,2025-10-09 22:56:46+05:30,2025-10-09 22:56:46+05:30
286963423,XAUUSD.s,Pivot,4,0.0,0.0,🤖 Bot,2025-10-09 22:56:44+05:30,2025-10-09 22:56:44+05:30
286962828,XAUUSD.s,FibPivot,0,0.0,0.0,🤖 Bot,2025-10-09 22:55:41+05:30,2025-10-09 22:55:42+05:30
286962824,XAUUSD.s,Pivot,0,0.0,0.0,🤖 Bot,2025-10-09 22:55:39+05:30,2025-10-09 22:55:39+05:30
286953977,XAGUSD.s,FibPivot,7,0.0,0.0,🤖 Bot,2025-10-09 22:41:01+05:30,2025-10-09 22:41:02+05:30
286953951,XAGUSD.s,Pivot,7,0.0,0.0,🤖 Bot,2025-10-09 22:40:59+05:30,2025-10-09 22:40:59+05:30
286953921,XAUUSD.s,FibPivot,5,52.55,0.0,🤖 Bot,2025-10-09 22:40:57+05:30,2025-10-09 22:40:57+05:30
286953900,XAUUSD.s,Pivot,6,62.6,0.0,🤖 Bot,2025-10-09 22:40:54+05:30,2025-10-09 22:40:55+05:30
286951804,XAUUSD.s,Pivot,2,0.0,0.0,🤖 Bot,2025-10-09 22:37:46+05:30,2025-10-09 22:37:47+05:30
286951784,XAUUSD.s,Scalper,2,0.0,0.0,🤖 Bot,2025-10-09 22:37:44+05:30,2025-10-09 22:37:45+05:30
286946001,XAUUSD.s,MeanReversion,3,58.5,0.0,🤖 Bot,2025-10-09 22:31:31+05:30,2025-10-09 22:31:31+05:30
286944822,XAUUSD.s,Pivot,0,0.0,0.0,🤖 Bot,2025-10-09 22:30:28+05:30,2025-10-09 22:30:28+05:30
286942493,XAUUSD.s,FibPivot,0,0.0,0.0,🤖 Bot,2025-10-09 22:28:16+05:30,2025-10-09 22:28:17+05:30
286942457,XAUUSD.s,Pivot,0,0.0,0.0,🤖 Bot,2025-10-09 22:28:14+05:30,2025-10-09 22:28:14+05:30
286937505,NAS100.s,MeanReversion,4,0.0,0.0,🤖 Bot,2025-10-09 22:24:05+05:30,2025-10-09 22:24:05+05:30
286937484,NAS100.s,Scalper,3,0.0,0.0,🤖 Bot,2025-10-09 22:24:03+05:30,2025-10-09 22:24:03+05:30
286936259,NAS100.s,FibPivot,18,1810.61,0.0,🤖 Bot,2025-10-09 22:22:57+05:30,2025-10-09 22:22:57+05:30
286936203,NAS100.s,Pivot,9,54.72,0.0,🤖 Bot,2025-10-09 22:22:54+05:30,2025-10-09 22:22:54+05:30
286934128,XAGUSD.s,FibPivot,6,0.0,0.0,🤖 Bot,2025-10-09 22:20:44+05:30,2025-10-09 22:20:44+05:30
286934087,XAGUSD.s,Pivot,9,0.0,0.0,🤖 Bot,2025-10-09 22:20:41+05:30,2025-10-09 22:20:41+05:30
286933142,XAGUSD.s,Pivot,1,0.0,0.0,🤖 Bot,2025-10-09 22:19:34+05:30,2025-10-09 22:19:34+05:30
286931708,XAUUSD.s,MeanReversion,2,0.0,0.0,🤖 Bot,2025-10-09 22:18:21+05:30,2025-10-09 22:18:21+05:30
286928063,XAUUSD.s,Pivot,4,50.0,0.0,🤖 Bot,2025-10-09 22:16:07+05:30,2025-10-09 22:16:07+05:30
286926818,XAUUSD.s,MeanReversion,0,0.0,0.0,🤖 Bot,2025-10-09 22:15:00+05:30,2025-10-09 22:15:00+05:30
286924537,NAS100.s,MeanReversion,4,225.84000000000003,0.0,🤖 Bot,2025-10-09 22:12:53+05:30,2025-10-09 22:12:53+05:30
286921828,NAS100.s,MeanReversion,0,0.0,0.0,🤖 Bot,2025-10-09 22:09:27+05:30,2025-10-09 22:09:28+05:30
286918397,XAGUSD.s,Scalper,1,0.0,0.0,🤖 Bot,2025-10-09 22:05:01+05:30,2025-10-09 22:05:01+05:30
286918325,XAUUSD.s,Scalper,1,0.0,0.0,🤖 Bot,2025-10-09 22:04:58+05:30,2025-10-09 22:04:58+05:30
286917272,NAS100.s,MeanReversion,3,0.0,0.0,🤖 Bot,2025-10-09 22:03:55+05:30,2025-10-09 22:03:55+05:30
286916270,NAS100.s,FibPivot,8,1812.8099999999997,0.0,🤖 Bot,2025-10-09 22:01:45+05:30,2025-10-09 22:01:45+05:30
286916259,NAS100.s,Pivot,8,1779.14,0.0,🤖 Bot,2025-10-09 22:01:43+05:30,2025-10-09 22:01:43+05:30
286916246,NAS100.s,Scalper,0,0.0,0.0,🤖 Bot,2025-10-09 22:01:41+05:30,2025-10-09 22:01:41+05:30
286910849,XAUUSD.s,FibPivot,8,59.3,0.0,🤖 Bot,2025-10-09 21:50:21+05:30,2025-10-09 21:50:21+05:30
286910799,XAUUSD.s,Pivot,9,60.5,0.0,🤖 Bot,2025-10-09 21:50:18+05:30,2025-10-09 21:50:18+05:30
286909222,XAUUSD.s,Scalper,8,0.0,0.0,🤖 Bot,2025-10-09 21:47:10+05:30,2025-10-09 21:47:10+05:30
286908614,XAGUSD.s,Scalper,4,0.0,0.0,🤖 Bot,2025-10-09 21:46:07+05:30,2025-10-09 21:46:07+05:30
286907515,XAGUSD.s,Scalper,0,0.0,0.0,🤖 Bot,2025-10-09 21:45:00+05:30,2025-10-09 21:45:01+05:30
286906632,XAGUSD.s,Scalper,0,0.0,0.0,🤖 Bot,2025-10-09 21:42:52+05:30,2025-10-09 21:42:52+05:30
286906093,NAS100.s,Scalper,6,183.29000000000002,0.0,🤖 Bot,2025-10-09 21:41:49+05:30,2025-10-09 21:41:49+05:30
286906043,XAGUSD.s,FibPivot,19,51.75,0.0,🤖 Bot,2025-10-09 21:41:42+05:30,2025-10-09 21:41:43+05:30
286906022,XAGUSD.s,Pivot,21,50.4,0.0,🤖 Bot,2025-10-09 21:41:40+05:30,2025-10-09 21:41:40+05:30
286905990,XAUUSD.s,Scalper,0,0.0,0.0,🤖 Bot,2025-10-09 21:41:38+05:30,2025-10-09 21:41:38+05:30
286902096,XAGUSD.s,Scalper,4,0.0,0.0,🤖 Bot,2025-10-09 21:34:16+05:30,2025-10-09 21:34:16+05:30
286900314,NAS100.s,FibPivot,6,173.52,0.0,🤖 Bot,2025-10-09 21:31:08+05:30,2025-10-09 21:31:09+05:30
286900304,NAS100.s,Pivot,6,173.52,0.0,🤖 Bot,2025-10-09 21:31:06+05:30,2025-10-09 21:31:07+05:30
286894546,XAUUSD.s,FibPivot,13,55.95,0.0,🤖 Bot,2025-10-09 21:21:12+05:30,2025-10-09 21:21:12+05:30
286894524,XAUUSD.s,Pivot,11,51.1,0.0,🤖 Bot,2025-10-09 21:21:10+05:30,2025-10-09 21:21:10+05:30
286894510,XAUUSD.s,Scalper,11,51.4,0.0,🤖 Bot,2025-10-09 21:21:07+05:30,2025-10-09 21:21:08+05:30
286893989,XAUUSD.s,FibPivot,0,0.0,0.0,🤖 Bot,2025-10-09 21:20:04+05:30,2025-10-09 21:20:04+05:30
286893959,XAUUSD.s,Pivot,0,0.0,0.0,🤖 Bot,2025-10-09 21:20:02+05:30,2025-10-09 21:20:02+05:30
286889018,XAGUSD.s,FibPivot,0,0.0,0.0,🤖 Bot,2025-10-09 21:10:46+05:30,2025-10-09 21:10:46+05:30
286889006,XAGUSD.s,Pivot,0,0.0,0.0,🤖 Bot,2025-10-09 21:10:44+05:30,2025-10-09 21:10:44+05:30
286887153,XAUUSD.s,FibPivot,1,0.0,0.0,🤖 Bot,2025-10-09 21:05:27+05:30,2025-10-09 21:05:27+05:30
286887074,XAUUSD.s,Pivot,1,0.0,0.0,🤖 Bot,2025-10-09 21:05:25+05:30,2025-10-09 21:05:25+05:30
286886264,NAS100.s,FibPivot,1,0.0,0.0,🤖 Bot,2025-10-09 21:02:18+05:30,2025-10-09 21:02:18+05:30
286885697,XAGUSD.s,FibPivot,1,0.0,0.0,🤖 Bot,2025-10-09 21:00:13+05:30,2025-10-09 21:00:14+05:30
286885686,XAGUSD.s,Pivot,1,0.0,0.0,🤖 Bot,2025-10-09 21:00:11+05:30,2025-10-09 21:00:11+05:30
286882391,XAUUSD.s,Scalper,12,0.0,0.0,🤖 Bot,2025-10-09 20:50:53+05:30,2025-10-09 20:50:53+05:30
286881825,XAGUSD.s,Scalper,26,51.3,0.0,🤖 Bot,2025-10-09 20:49:50+05:30,2025-10-09 20:49:50+05:30
286880474,NAS100.s,FibPivot,18,605.9100000000001,0.0,🤖 Bot,2025-10-09 20:45:39+05:30,2025-10-09 20:45:39+05:30
286880460,NAS100.s,Pivot,17,611.7599999999999,0.0,🤖 Bot,2025-10-09 20:45:37+05:30,2025-10-09 20:45:37+05:30
286880124,XAGUSD.s,FibPivot,0,0.0,0.0,🤖 Bot,2025-10-09 20:44:31+05:30,2025-10-09 20:44:31+05:30
286880119,XAGUSD.s,Pivot,0,0.0,0.0,🤖 Bot,2025-10-09 20:44:29+05:30,2025-10-09 20:44:30+05:30
286875441,XAUUSD.s,Scalper,5,0.0,0.0,🤖 Bot,2025-10-09 20:32:58+05:30,2025-10-09 20:32:59+05:30
286874470,NAS100.s,Scalper,0,0.0,0.0,🤖 Bot,2025-10-09 20:30:55+05:30,2025-10-09 20:30:55+05:30
286874455,XAGUSD.s,FibPivot,0,0.0,0.0,🤖 Bot,2025-10-09 20:30:53+05:30,2025-10-09 20:30:53+05:30
286874437,XAGUSD.s,Pivot,0,0.0,0.0,🤖 Bot,2025-10-09 20:30:51+05:30,2025-10-09 20:30:51+05:30
286872450,XAUUSD.s,FibPivot,10,0.0,0.0,🤖 Bot,2025-10-09 20:25:39+05:30,2025-10-09 20:25:39+05:30
286872440,XAUUSD.s,Pivot,11,0.0,0.0,🤖 Bot,2025-10-09 20:25:37+05:30,2025-10-09 20:25:38+05:30
286869657,NAS100.s,Scalper,2,0.0,0.0,🤖 Bot,2025-10-09 20:17:29+05:30,2025-10-09 20:17:29+05:30
286865947,NAS100.s,Scalper,2,0.0,0.0,🤖 Bot,2025-10-09 20:06:08+05:30,2025-10-09 20:06:08+05:30
286865602,NAS100.s,Pivot,11,1076.8200000000002,0.0,🤖 Bot,2025-10-09 20:05:04+05:30,2025-10-09 20:05:05+05:30
286862580,XAUUSD.s,FibPivot,15,0.0,0.0,🤖 Bot,2025-10-09 19:57:42+05:30,2025-10-09 19:57:43+05:30
286862570,XAUUSD.s,Pivot,15,0.0,0.0,🤖 Bot,2025-10-09 19:57:40+05:30,2025-10-09 19:57:41+05:30
286856484,XAUUSD.s,Scalper,1,0.0,0.0,🤖 Bot,2025-10-09 19:39:52+05:30,2025-10-09 19:39:52+05:30
286855877,NAS100.s,FibPivot,2,0.0,0.0,🤖 Bot,2025-10-09 19:37:49+05:30,2025-10-09 19:37:49+05:30
286855868,NAS100.s,Pivot,2,0.0,0.0,🤖 Bot,2025-10-09 19:37:47+05:30,2025-10-09 19:37:47+05:30
286853936,XAUUSD.s,FibPivot,13,0.0,0.0,🤖 Bot,2025-10-09 19:32:38+05:30,2025-10-09 19:32:38+05:30
286853916,XAUUSD.s,Pivot,14,0.0,0.0,🤖 Bot,2025-10-09 19:32:36+05:30,2025-10-09 19:32:36+05:30
286853869,XAUUSD.s,Scalper,1,0.0,0.0,🤖 Bot,2025-10-09 19:32:34+05:30,2025-10-09 19:32:34+05:30
286851048,XAUUSD.s,FibPivot,0,0.0,0.0,🤖 Bot,2025-10-09 19:25:23+05:30,2025-10-09 19:25:23+05:30
286851042,XAUUSD.s,Pivot,0,0.0,0.0,🤖 Bot,2025-10-09 19:25:21+05:30,2025-10-09 19:25:21+05:30
286845817,NAS100.s,Scalper,12,1298.25,0.0,🤖 Bot,2025-10-09 19:02:47+05:30,2025-10-09 19:02:47+05:30
286844881,NAS100.s,Scalper,0,0.0,0.0,🤖 Bot,2025-10-09 18:56:19+05:30,2025-10-09 18:56:20+05:30
286844073,NAS100.s,FibPivot,8,2327.16,0.0,🤖 Bot,2025-10-09 18:50:13+05:30,2025-10-09 18:50:13+05:30
286844071,NAS100.s,Pivot,8,2403.8599999999997,0.0,🤖 Bot,2025-10-09 18:50:11+05:30,2025-10-09 18:50:11+05:30
286842014,XAUUSD.s,FibPivot,1,0.0,0.0,🤖 Bot,2025-10-09 18:37:59+05:30,2025-10-09 18:37:59+05:30
286841998,XAUUSD.s,Pivot,1,0.0,0.0,🤖 Bot,2025-10-09 18:37:57+05:30,2025-10-09 18:37:57+05:30
286840852,NAS100.s,Scalper,7,0.0,0.0,🤖 Bot,2025-10-09 18:32:51+05:30,2025-10-09 18:32:51+05:30
286840247,NAS100.s,Scalper,0,0.0,0.0,🤖 Bot,2025-10-09 18:30:41+05:30,2025-10-09 18:30:41+05:30
286838821,XAGUSD.s,FibPivot,7,0.0,0.0,🤖 Bot,2025-10-09 18:25:22+05:30,2025-10-09 18:25:22+05:30
286838813,XAGUSD.s,Pivot,8,0.0,0.0,🤖 Bot,2025-10-09 18:25:19+05:30,2025-10-09 18:25:19+05:30
286836640,XAUUSD.s,Scalper,20,0.0,0.0,🤖 Bot,2025-10-09 18:14:50+05:30,2025-10-09 18:14:51+05:30
286835262,NAS100.s,FibPivot,8,114.97999999999999,0.0,🤖 Bot,2025-10-09 18:10:40+05:30,2025-10-09 18:10:40+05:30
286835250,NAS100.s,Pivot,8,114.53,0.0,🤖 Bot,2025-10-09 18:10:38+05:30,2025-10-09 18:10:38+05:30
286833511,XAGUSD.s,FibPivot,1,0.0,0.0,🤖 Bot,2025-10-09 18:02:11+05:30,2025-10-09 18:02:11+05:30
286833506,XAGUSD.s,Pivot,1,0.0,0.0,🤖 Bot,2025-10-09 18:02:09+05:30,2025-10-09 18:02:09+05:30
286831625,XAGUSD.s,Pivot,0,0.0,0.0,🤖 Bot,2025-10-09 17:50:57+05:30,2025-10-09 17:50:57+05:30
286830749,NAS100.s,FibPivot,3,0.0,0.0,🤖 Bot,2025-10-09 17:46:52+05:30,2025-10-09 17:46:52+05:30
286830744,NAS100.s,Pivot,3,0.0,0.0,🤖 Bot,2025-10-09 17:46:50+05:30,2025-10-09 17:46:50+05:30
286827597,XAUUSD.s,FibPivot,9,0.0,0.0,🤖 Bot,2025-10-09 17:35:23+05:30,2025-10-09 17:35:23+05:30
286827569,XAUUSD.s,Pivot,9,0.0,0.0,🤖 Bot,2025-10-09 17:35:21+05:30,2025-10-09 17:35:21+05:30
286824572,NAS100.s,Scalper,10,2161.28,0.0,🤖 Bot,2025-10-09 17:25:51+05:30,2025-10-09 17:25:51+05:30
286821491,XAUUSD.s,FibPivot,3,0.0,0.0,🤖 Bot,2025-10-09 17:13:20+05:30,2025-10-09 17:13:20+05:30
286821478,XAUUSD.s,Pivot,3,0.0,0.0,🤖 Bot,2025-10-09 17:13:18+05:30,2025-10-09 17:13:18+05:30
286821297,NAS100.s,MeanReversion,3,0.0,0.0,🤖 Bot,2025-10-09 17:12:16+05:30,2025-10-09 17:12:16+05:30
286821286,XAGUSD.s,FibPivot,0,0.0,0.0,🤖 Bot,2025-10-09 17:12:12+05:30,2025-10-09 17:12:12+05:30
286821282,XAGUSD.s,Pivot,0,0.0,0.0,🤖 Bot,2025-10-09 17:12:10+05:30,2025-10-09 17:12:10+05:30
286817605,NAS100.s,MeanReversion,0,0.0,0.0,🤖 Bot,2025-10-09 17:03:45+05:30,2025-10-09 17:03:45+05:30
286817595,NAS100.s,Scalper,0,0.0,0.0,🤖 Bot,2025-10-09 17:03:43+05:30,2025-10-09 17:03:43+05:30
286815039,NAS100.s,Pivot,15,2648.5499999999997,0.0,🤖 Bot,2025-10-09 16:55:34+05:30,2025-10-09 16:55:34+05:30
286813770,XAGUSD.s,FibPivot,0,0.0,0.0,🤖 Bot,2025-10-09 16:51:26+05:30,2025-10-09 16:51:26+05:30
286813766,XAGUSD.s,Pivot,0,0.0,0.0,🤖 Bot,2025-10-09 16:51:24+05:30,2025-10-09 16:51:24+05:30
286813446,XAUUSD.s,FibPivot,2,0.0,0.0,🤖 Bot,2025-10-09 16:50:20+05:30,2025-10-09 16:50:20+05:30
286813441,XAUUSD.s,Pivot,2,0.0,0.0,🤖 Bot,2025-10-09 16:50:18+05:30,2025-10-09 16:50:18+05:30
286813001,XAUUSD.s,Scalper,16,0.0,0.0,🤖 Bot,2025-10-09 16:49:11+05:30,2025-10-09 16:49:11+05:30
286811274,NAS100.s,MeanReversion,4,111.36,0.0,🤖 Bot,2025-10-09 16:44:51+05:30,2025-10-09 16:44:51+05:30
286810155,NAS100.s,Scalper,0,0.0,0.0,🤖 Bot,2025-10-09 16:42:41+05:30,2025-10-09 16:42:41+05:30
286803356,XAUUSD.s,FibPivot,3,0.0,0.0,🤖 Bot,2025-10-09 16:21:13+05:30,2025-10-09 16:21:13+05:30
286803353,XAUUSD.s,Pivot,3,0.0,0.0,🤖 Bot,2025-10-09 16:21:11+05:30,2025-10-09 16:21:11+05:30
286803038,NAS100.s,FibPivot,10,613.31,0.0,🤖 Bot,2025-10-09 16:20:09+05:30,2025-10-09 16:20:09+05:30
286803029,NAS100.s,Pivot,10,668.49,0.0,🤖 Bot,2025-10-09 16:20:07+05:30,2025-10-09 16:20:07+05:30
286796826,NAS100.s,MeanReversion,10,172.7,0.0,🤖 Bot,2025-10-09 16:03:49+05:30,2025-10-09 16:03:49+05:30
286791133,XAUUSD.s,Scalper,15,50.85,0.0,🤖 Bot,2025-10-09 15:48:30+05:30,2025-10-09 15:48:31+05:30
286789062,XAGUSD.s,FibPivot,6,0.0,0.0,🤖 Bot,2025-10-09 15:42:15+05:30,2025-10-09 15:42:15+05:30
286789055,XAGUSD.s,Pivot,7,0.0,0.0,🤖 Bot,2025-10-09 15:42:13+05:30,2025-10-09 15:42:13+05:30
286786853,NAS100.s,FibPivot,7,121.26,0.0,🤖 Bot,2025-10-09 15:35:59+05:30,2025-10-09 15:35:59+05:30
286786844,NAS100.s,Pivot,7,119.38,0.0,🤖 Bot,2025-10-09 15:35:58+05:30,2025-10-09 15:35:58+05:30
286786834,XAUUSD.s,FibPivot,6,0.0,0.0,🤖 Bot,2025-10-09 15:35:55+05:30,2025-10-09 15:35:55+05:30
286786826,XAUUSD.s,Pivot,6,0.0,0.0,🤖 Bot,2025-10-09 15:35:53+05:30,2025-10-09 15:35:53+05:30
286781631,NAS100.s,MeanReversion,7,112.06,0.0,🤖 Bot,2025-10-09 15:23:25+05:30,2025-10-09 15:23:25+05:30
286780853,XAGUSD.s,MeanReversion,82,51.15,0.0,🤖 Bot,2025-10-09 15:22:18+05:30,2025-10-09 15:22:18+05:30
286779078,XAGUSD.s,MeanReversion,1,0.0,0.0,🤖 Bot,2025-10-09 15:19:08+05:30,2025-10-09 15:19:08+05:30
286779042,XAUUSD.s,MeanReversion,6,0.0,0.0,🤖 Bot,2025-10-09 15:19:05+05:30,2025-10-09 15:19:05+05:30
286777734,XAUUSD.s,Pivot,3,0.0,0.0,🤖 Bot,2025-10-09 15:17:00+05:30,2025-10-09 15:17:01+05:30
286774872,XAUUSD.s,MeanReversion,2,0.0,0.0,🤖 Bot,2025-10-09 15:10:53+05:30,2025-10-09 15:10:53+05:30
286771206,XAGUSD.s,FibPivot,3,0.0,0.0,🤖 Bot,2025-10-09 15:02:41+05:30,2025-10-09 15:02:41+05:30
286771189,XAGUSD.s,Pivot,3,0.0,0.0,🤖 Bot,2025-10-09 15:02:39+05:30,2025-10-09 15:02:39+05:30
286771157,XAGUSD.s,Scalper,3,0.0,0.0,🤖 Bot,2025-10-09 15:02:37+05:30,2025-10-09 15:02:37+05:30
286768262,XAUUSD.s,MeanReversion,5,0.0,0.0,🤖 Bot,2025-10-09 14:57:22+05:30,2025-10-09 14:57:22+05:30
286767444,XAGUSD.s,Scalper,0,0.0,0.0,🤖 Bot,2025-10-09 14:55:17+05:30,2025-10-09 14:55:17+05:30
286766571,NAS100.s,Scalper,3,0.0,0.0,🤖 Bot,2025-10-09 14:52:12+05:30,2025-10-09 14:52:12+05:30
286763846,NAS100.s,Pivot,14,1723.34,0.0,🤖 Bot,2025-10-09 14:41:50+05:30,2025-10-09 14:41:51+05:30
286763272,XAGUSD.s,FibPivot,12,0.0,0.0,🤖 Bot,2025-10-09 14:39:47+05:30,2025-10-09 14:39:47+05:30
286763264,XAGUSD.s,Pivot,11,0.0,0.0,🤖 Bot,2025-10-09 14:39:45+05:30,2025-10-09 14:39:45+05:30
286761487,NAS100.s,Scalper,6,0.0,0.0,🤖 Bot,2025-10-09 14:34:39+05:30,2025-10-09 14:34:39+05:30
286761482,XAGUSD.s,FibPivot,0,0.0,0.0,🤖 Bot,2025-10-09 14:34:37+05:30,2025-10-09 14:34:37+05:30
286761475,XAGUSD.s,Pivot,0,0.0,0.0,🤖 Bot,2025-10-09 14:34:35+05:30,2025-10-09 14:34:35+05:30
286761467,XAGUSD.s,Scalper,3,0.0,0.0,🤖 Bot,2025-10-09 14:34:33+05:30,2025-10-09 14:34:33+05:30
286761455,XAUUSD.s,FibPivot,16,0.0,0.0,🤖 Bot,2025-10-09 14:34:31+05:30,2025-10-09 14:34:31+05:30
286761437,XAUUSD.s,Pivot,18,51.1,0.0,🤖 Bot,2025-10-09 14:34:29+05:30,2025-10-09 14:34:29+05:30
286761427,XAUUSD.s,Scalper,2,0.0,0.0,🤖 Bot,2025-10-09 14:34:27+05:30,2025-10-09 14:34:27+05:30
286760370,XAGUSD.s,FibPivot,0,0.0,0.0,🤖 Bot,2025-10-09 14:31:19+05:30,2025-10-09 14:31:19+05:30
286760366,XAGUSD.s,Pivot,0,0.0,0.0,🤖 Bot,2025-10-09 14:31:17+05:30,2025-10-09 14:31:17+05:30
286757892,NAS100.s,FibPivot,0,0.0,0.0,🤖 Bot,2025-10-09 14:22:51+05:30,2025-10-09 14:22:51+05:30
286757889,NAS100.s,Pivot,0,0.0,0.0,🤖 Bot,2025-10-09 14:22:49+05:30,2025-10-09 14:22:49+05:30
286757686,NAS100.s,FibPivot,6,129.6,0.0,🤖 Bot,2025-10-09 14:21:43+05:30,2025-10-09 14:21:43+05:30
286757669,NAS100.s,Pivot,6,120.76,0.0,🤖 Bot,2025-10-09 14:21:41+05:30,2025-10-09 14:21:42+05:30
286757664,NAS100.s,Scalper,6,120.08,0.0,🤖 Bot,2025-10-09 14:21:40+05:30,2025-10-09 14:21:40+05:30
286757658,XAGUSD.s,Scalper,5,0.0,0.0,🤖 Bot,2025-10-09 14:21:38+05:30,2025-10-09 14:21:38+05:30
286757630,XAUUSD.s,Pivot,0,0.0,0.0,🤖 Bot,2025-10-09 14:21:36+05:30,2025-10-09 14:21:36+05:30
286757617,XAUUSD.s,Scalper,6,0.0,0.0,🤖 Bot,2025-10-09 14:21:34+05:30,2025-10-09 14:21:34+05:30
286757164,NAS100.s,Scalper,0,0.0,0.0,🤖 Bot,2025-10-09 14:19:28+05:30,2025-10-09 14:19:28+05:30
286756154,XAGUSD.s,FibPivot,0,0.0,0.0,🤖 Bot,2025-10-09 14:16:08+05:30,2025-10-09 14:16:08+05:30
286756144,XAGUSD.s,Pivot,0,0.0,0.0,🤖 Bot,2025-10-09 14:16:06+05:30,2025-10-09 14:16:06+05:30
286755821,NAS100.s,Scalper,0,0.0,0.0,🤖 Bot,2025-10-09 14:15:04+05:30,2025-10-09 14:15:04+05:30
286754582,XAGUSD.s,FibPivot,0,0.0,0.0,🤖 Bot,2025-10-09 14:11:50+05:30,2025-10-09 14:11:51+05:30
286754574,XAGUSD.s,Pivot,0,0.0,0.0,🤖 Bot,2025-10-09 14:11:49+05:30,2025-10-09 14:11:49+05:30
286754571,XAGUSD.s,Scalper,1,0.0,0.0,🤖 Bot,2025-10-09 14:11:47+05:30,2025-10-09 14:11:47+05:30
286754195,NAS100.s,FibPivot,7,369.02,0.0,🤖 Bot,2025-10-09 14:10:44+05:30,2025-10-09 14:10:45+05:30
286754177,NAS100.s,Pivot,8,382.13,0.0,🤖 Bot,2025-10-09 14:10:42+05:30,2025-10-09 14:10:43+05:30
286753039,XAGUSD.s,Scalper,1,0.0,0.0,🤖 Bot,2025-10-09 14:07:23+05:30,2025-10-09 14:07:24+05:30
286753028,XAUUSD.s,Scalper,1,0.0,0.0,🤖 Bot,2025-10-09 14:07:21+05:30,2025-10-09 14:07:21+05:30
286752469,XAGUSD.s,FibPivot,1,0.0,0.0,🤖 Bot,2025-10-09 14:06:14+05:30,2025-10-09 14:06:14+05:30
286752441,XAGUSD.s,Pivot,1,0.0,0.0,🤖 Bot,2025-10-09 14:06:12+05:30,2025-10-09 14:06:12+05:30
286752401,XAUUSD.s,FibPivot,4,0.0,0.0,🤖 Bot,2025-10-09 14:06:10+05:30,2025-10-09 14:06:10+05:30
286752397,XAUUSD.s,Pivot,4,0.0,0.0,🤖 Bot,2025-10-09 14:06:08+05:30,2025-10-09 14:06:08+05:30
286751886,NAS100.s,Pivot,0,0.0,0.0,🤖 Bot,2025-10-09 14:05:06+05:30,2025-10-09 14:05:06+05:30
286749107,XAUUSD.s,FibPivot,0,0.0,0.0,🤖 Bot,2025-10-09 14:00:46+05:30,2025-10-09 14:00:46+05:30
286749095,XAUUSD.s,Pivot,0,0.0,0.0,🤖 Bot,2025-10-09 14:00:44+05:30,2025-10-09 14:00:44+05:30
286746762,XAGUSD.s,Scalper,1,0.0,0.0,🤖 Bot,2025-10-09 13:51:31+05:30,2025-10-09 13:51:31+05:30
286745790,XAGUSD.s,FibPivot,2,0.0,0.0,🤖 Bot,2025-10-09 13:47:21+05:30,2025-10-09 13:47:21+05:30
286745782,XAGUSD.s,Pivot,2,0.0,0.0,🤖 Bot,2025-10-09 13:47:19+05:30,2025-10-09 13:47:19+05:30
286745231,NAS100.s,Pivot,1,0.0,0.0,🤖 Bot,2025-10-09 13:45:14+05:30,2025-10-09 13:45:14+05:30
286743996,XAUUSD.s,FibPivot,1,0.0,0.0,🤖 Bot,2025-10-09 13:40:07+05:30,2025-10-09 13:40:07+05:30
286743987,XAUUSD.s,Pivot,1,0.0,0.0,🤖 Bot,2025-10-09 13:40:05+05:30,2025-10-09 13:40:05+05:30
286743721,NAS100.s,Pivot,6,1593.9199999999998,0.0,🤖 Bot,2025-10-09 13:39:03+05:30,2025-10-09 13:39:03+05:30
286743710,NAS100.s,Scalper,7,1618.4199999999998,0.0,🤖 Bot,2025-10-09 13:39:01+05:30,2025-10-09 13:39:01+05:30
286743685,XAGUSD.s,Pivot,0,0.0,0.0,🤖 Bot,2025-10-09 13:38:59+05:30,2025-10-09 13:38:59+05:30
286743675,XAGUSD.s,Scalper,2,0.0,0.0,🤖 Bot,2025-10-09 13:38:57+05:30,2025-10-09 13:38:57+05:30
286743664,XAUUSD.s,Scalper,12,0.0,0.0,🤖 Bot,2025-10-09 13:38:55+05:30,2025-10-09 13:38:56+05:30
286741754,XAUUSD.s,Scalper,3,0.0,0.0,🤖 Bot,2025-10-09 13:32:21+05:30,2025-10-09 13:32:22+05:30
286741142,NAS100.s,FibPivot,0,0.0,0.0,🤖 Bot,2025-10-09 13:31:19+05:30,2025-10-09 13:31:19+05:30
286741139,NAS100.s,Pivot,0,0.0,0.0,🤖 Bot,2025-10-09 13:31:17+05:30,2025-10-09 13:31:17+05:30
286740900,XAGUSD.s,Pivot,0,0.0,0.0,🤖 Bot,2025-10-09 13:30:15+05:30,2025-10-09 13:30:15+05:30
286739584,XAUUSD.s,FibPivot,4,0.0,0.0,🤖 Bot,2025-10-09 13:26:05+05:30,2025-10-09 13:26:05+05:30
286739579,XAUUSD.s,Pivot,4,0.0,0.0,🤖 Bot,2025-10-09 13:26:03+05:30,2025-10-09 13:26:03+05:30
286738655,NAS100.s,FibPivot,1,0.0,0.0,🤖 Bot,2025-10-09 13:20:54+05:30,2025-10-09 13:20:55+05:30
286738218,NAS100.s,FibPivot,7,321.4,0.0,🤖 Bot,2025-10-09 13:19:51+05:30,2025-10-09 13:19:51+05:30
286738214,NAS100.s,Pivot,6,321.4,0.0,🤖 Bot,2025-10-09 13:19:49+05:30,2025-10-09 13:19:49+05:30
286738211,NAS100.s,Scalper,6,321.4,0.0,🤖 Bot,2025-10-09 13:19:47+05:30,2025-10-09 13:19:47+05:30
286738201,XAGUSD.s,Pivot,5,0.0,0.0,🤖 Bot,2025-10-09 13:19:45+05:30,2025-10-09 13:19:45+05:30
286738195,XAGUSD.s,Scalper,5,0.0,0.0,🤖 Bot,2025-10-09 13:19:43+05:30,2025-10-09 13:19:43+05:30
286738190,XAUUSD.s,FibPivot,2,0.0,0.0,🤖 Bot,2025-10-09 13:19:40+05:30,2025-10-09 13:19:41+05:30
286738180,XAUUSD.s,Pivot,2,0.0,0.0,🤖 Bot,2025-10-09 13:19:38+05:30,2025-10-09 13:19:39+05:30
286738167,XAUUSD.s,Scalper,2,0.0,0.0,🤖 Bot,2025-10-09 13:19:37+05:30,2025-10-09 13:19:37+05:30
286598260,XAUUSD.s,Scalper,8,0.0,0.0,🤖 Bot,2025-10-09 04:39:12+05:30,2025-10-09 04:39:12+05:30
286597446,XAGUSD.s,MeanReversion,8,0.0,0.0,🤖 Bot,2025-10-09 04:37:04+05:30,2025-10-09 04:37:04+05:30
286595582,NAS100.s,Scalper,7,0.0,0.0,🤖 Bot,2025-10-09 04:31:47+05:30,2025-10-09 04:31:47+05:30
286595245,NAS100.s,Pivot,0,0.0,0.0,🤖 Bot,2025-10-09 04:30:41+05:30,2025-10-09 04:30:41+05:30
286593101,XAGUSD.s,MeanReversion,2,0.0,0.0,🤖 Bot,2025-10-09 04:26:25+05:30,2025-10-09 04:26:25+05:30
286593081,XAUUSD.s,FibPivot,5,0.0,0.0,🤖 Bot,2025-10-09 04:26:22+05:30,2025-10-09 04:26:22+05:30
286593064,XAUUSD.s,Pivot,4,0.0,0.0,🤖 Bot,2025-10-09 04:26:20+05:30,2025-10-09 04:26:20+05:30
286587215,XAUUSD.s,FibPivot,11,0.0,0.0,🤖 Bot,2025-10-09 04:13:36+05:30,2025-10-09 04:13:36+05:30
286587211,XAUUSD.s,Pivot,11,0.0,0.0,🤖 Bot,2025-10-09 04:13:34+05:30,2025-10-09 04:13:34+05:30
286587209,XAUUSD.s,Scalper,11,0.0,0.0,🤖 Bot,2025-10-09 04:13:32+05:30,2025-10-09 04:13:32+05:30
286586676,XAGUSD.s,Scalper,1,0.0,0.0,🤖 Bot,2025-10-09 04:11:22+05:30,2025-10-09 04:11:23+05:30
286584835,NAS100.s,FibPivot,4,0.0,0.0,🤖 Bot,2025-10-09 04:06:08+05:30,2025-10-09 04:06:08+05:30
286584822,NAS100.s,Pivot,5,0.0,0.0,🤖 Bot,2025-10-09 04:06:06+05:30,2025-10-09 04:06:06+05:30
286584787,XAGUSD.s,FibPivot,14,0.0,0.0,🤖 Bot,2025-10-09 04:06:02+05:30,2025-10-09 04:06:02+05:30
286584765,XAGUSD.s,Pivot,16,0.0,0.0,🤖 Bot,2025-10-09 04:06:00+05:30,2025-10-09 04:06:00+05:30
286583172,XAUUSD.s,Scalper,1,0.0,0.0,🤖 Bot,2025-10-09 04:02:50+05:30,2025-10-09 04:02:50+05:30
286580993,XAUUSD.s,Pivot,7,0.0,0.0,🤖 Bot,2025-10-09 04:00:31+05:30,2025-10-09 04:00:31+05:30
286579617,XAUUSD.s,Pivot,0,0.0,0.0,🤖 Bot,2025-10-09 03:58:19+05:30,2025-10-09 03:58:19+05:30
286579607,XAUUSD.s,Scalper,0,0.0,0.0,🤖 Bot,2025-10-09 03:58:17+05:30,2025-10-09 03:58:17+05:30
286576832,NAS100.s,FibPivot,0,0.0,0.0,🤖 Bot,2025-10-09 03:53:56+05:30,2025-10-09 03:53:56+05:30
286576806,NAS100.s,Pivot,0,0.0,0.0,🤖 Bot,2025-10-09 03:53:54+05:30,2025-10-09 03:53:54+05:30
286570193,NAS100.s,FibPivot,0,0.0,0.0,🤖 Bot,2025-10-09 03:42:13+05:30,2025-10-09 03:42:13+05:30
286570171,NAS100.s,Pivot,0,0.0,0.0,🤖 Bot,2025-10-09 03:42:11+05:30,2025-10-09 03:42:11+05:30
286569305,XAGUSD.s,FibPivot,0,0.0,0.0,🤖 Bot,2025-10-09 03:41:02+05:30,2025-10-09 03:41:03+05:30
286569266,XAGUSD.s,Pivot,0,0.0,0.0,🤖 Bot,2025-10-09 03:41:00+05:30,2025-10-09 03:41:00+05:30
286569233,XAGUSD.s,Scalper,11,0.0,0.0,🤖 Bot,2025-10-09 03:40:58+05:30,2025-10-09 03:40:58+05:30
286569180,XAUUSD.s,FibPivot,1,0.0,0.0,🤖 Bot,2025-10-09 03:40:55+05:30,2025-10-09 03:40:56+05:30
286569153,XAUUSD.s,Pivot,1,0.0,0.0,🤖 Bot,2025-10-09 03:40:53+05:30,2025-10-09 03:40:53+05:30
286569118,XAUUSD.s,MeanReversion,7,51.65,0.0,🤖 Bot,2025-10-09 03:40:51+05:30,2025-10-09 03:40:51+05:30
286569052,XAUUSD.s,Scalper,7,54.25,0.0,🤖 Bot,2025-10-09 03:40:49+05:30,2025-10-09 03:40:49+05:30
286566799,XAGUSD.s,MeanReversion,0,0.0,0.0,🤖 Bot,2025-10-09 03:37:40+05:30,2025-10-09 03:37:40+05:30
286566759,XAUUSD.s,MeanReversion,1,0.0,0.0,🤖 Bot,2025-10-09 03:37:38+05:30,2025-10-09 03:37:38+05:30
286564802,XAGUSD.s,FibPivot,0,0.0,0.0,🤖 Bot,2025-10-09 03:35:34+05:30,2025-10-09 03:35:34+05:30
286564785,XAGUSD.s,Pivot,0,0.0,0.0,🤖 Bot,2025-10-09 03:35:32+05:30,2025-10-09 03:35:32+05:30
286564770,XAUUSD.s,FibPivot,0,0.0,0.0,🤖 Bot,2025-10-09 03:35:30+05:30,2025-10-09 03:35:30+05:30
286564754,XAUUSD.s,Pivot,0,0.0,0.0,🤖 Bot,2025-10-09 03:35:28+05:30,2025-10-09 03:35:28+05:30
286555342,XAUUSD.s,FibPivot,0,0.0,0.0,🤖 Bot,2025-10-09 03:15:03+05:30,2025-10-09 03:15:03+05:30
286555321,XAUUSD.s,Pivot,0,0.0,0.0,🤖 Bot,2025-10-09 03:15:01+05:30,2025-10-09 03:15:01+05:30
286554898,XAGUSD.s,FibPivot,2,0.0,0.0,🤖 Bot,2025-10-09 03:13:58+05:30,2025-10-09 03:13:58+05:30
286554890,XAGUSD.s,Pivot,2,0.0,0.0,🤖 Bot,2025-10-09 03:13:56+05:30,2025-10-09 03:13:56+05:30
286554145,NAS100.s,Pivot,5,0.0,0.0,🤖 Bot,2025-10-09 03:11:52+05:30,2025-10-09 03:11:53+05:30
286554128,XAGUSD.s,Scalper,6,0.0,0.0,🤖 Bot,2025-10-09 03:11:50+05:30,2025-10-09 03:11:50+05:30
286554114,XAUUSD.s,FibPivot,12,0.0,0.0,🤖 Bot,2025-10-09 03:11:47+05:30,2025-10-09 03:11:47+05:30
286554098,XAUUSD.s,Pivot,12,0.0,0.0,🤖 Bot,2025-10-09 03:11:45+05:30,2025-10-09 03:11:45+05:30
286554089,XAUUSD.s,Scalper,12,0.0,0.0,🤖 Bot,2025-10-09 03:11:43+05:30,2025-10-09 03:11:43+05:30
286530968,XAGUSD.s,FibPivot,0,0.0,0.0,🤖 Bot,2025-10-09 02:27:32+05:30,2025-10-09 02:27:32+05:30
286530958,XAGUSD.s,Pivot,0,0.0,0.0,🤖 Bot,2025-10-09 02:27:30+05:30,2025-10-09 02:27:30+05:30
286530128,NAS100.s,FibPivot,4,0.0,0.0,🤖 Bot,2025-10-09 02:23:24+05:30,2025-10-09 02:23:24+05:30
286530117,NAS100.s,Pivot,2,0.0,0.0,🤖 Bot,2025-10-09 02:23:22+05:30,2025-10-09 02:23:22+05:30
286530105,NAS100.s,Scalper,22,8681.360000000002,0.0,🤖 Bot,2025-10-09 02:23:20+05:30,2025-10-09 02:23:20+05:30
286530094,XAGUSD.s,FibPivot,0,0.0,0.0,🤖 Bot,2025-10-09 02:23:17+05:30,2025-10-09 02:23:18+05:30
286530086,XAGUSD.s,Pivot,0,0.0,0.0,🤖 Bot,2025-10-09 02:23:16+05:30,2025-10-09 02:23:16+05:30
286530081,XAGUSD.s,Scalper,0,0.0,0.0,🤖 Bot,2025-10-09 02:23:14+05:30,2025-10-09 02:23:14+05:30
286530075,XAUUSD.s,FibPivot,3,0.0,0.0,🤖 Bot,2025-10-09 02:23:12+05:30,2025-10-09 02:23:12+05:30
286530070,XAUUSD.s,Pivot,3,0.0,0.0,🤖 Bot,2025-10-09 02:23:10+05:30,2025-10-09 02:23:10+05:30
286530066,XAUUSD.s,Scalper,0,0.0,0.0,🤖 Bot,2025-10-09 02:23:08+05:30,2025-10-09 02:23:08+05:30
286529761,NAS100.s,FibPivot,0,0.0,0.0,🤖 Bot,2025-10-09 02:22:06+05:30,2025-10-09 02:22:06+05:30
286529739,NAS100.s,Pivot,0,0.0,0.0,🤖 Bot,2025-10-09 02:22:04+05:30,2025-10-09 02:22:04+05:30
286522969,NAS100.s,FibPivot,5,0.0,0.0,🤖 Bot,2025-10-09 02:05:25+05:30,2025-10-09 02:05:25+05:30
286522964,NAS100.s,Pivot,3,0.0,0.0,🤖 Bot,2025-10-09 02:05:23+05:30,2025-10-09 02:05:23+05:30
286522944,XAUUSD.s,FibPivot,2,0.0,0.0,🤖 Bot,2025-10-09 02:05:16+05:30,2025-10-09 02:05:16+05:30
286522932,XAUUSD.s,Pivot,2,0.0,0.0,🤖 Bot,2025-10-09 02:05:14+05:30,2025-10-09 02:05:14+05:30
286522781,XAUUSD.s,Scalper,9,0.0,0.0,🤖 Bot,2025-10-09 02:04:06+05:30,2025-10-09 02:04:07+05:30
286522138,XAGUSD.s,Scalper,6,0.0,0.0,🤖 Bot,2025-10-09 02:01:53+05:30,2025-10-09 02:01:54+05:30
286517728,XAUUSD.s,Scalper,2,0.0,0.0,🤖 Bot,2025-10-09 01:48:50+05:30,2025-10-09 01:48:51+05:30
286516522,XAGUSD.s,FibPivot,5,0.0,0.0,🤖 Bot,2025-10-09 01:40:36+05:30,2025-10-09 01:40:36+05:30
286516518,XAGUSD.s,Pivot,5,0.0,0.0,🤖 Bot,2025-10-09 01:40:33+05:30,2025-10-09 01:40:34+05:30
286515327,NAS100.s,Pivot,2,0.0,0.0,🤖 Bot,2025-10-09 01:36:29+05:30,2025-10-09 01:36:29+05:30
286513422,XAGUSD.s,FibPivot,10,0.0,0.0,🤖 Bot,2025-10-09 01:26:00+05:30,2025-10-09 01:26:00+05:30
286513417,XAGUSD.s,Pivot,10,0.0,0.0,🤖 Bot,2025-10-09 01:25:58+05:30,2025-10-09 01:25:58+05:30
286513416,XAGUSD.s,Scalper,10,0.0,0.0,🤖 Bot,2025-10-09 01:25:56+05:30,2025-10-09 01:25:56+05:30
286512592,NAS100.s,FibPivot,17,2612.04,0.0,🤖 Bot,2025-10-09 01:22:38+05:30,2025-10-09 01:22:38+05:30
286512567,NAS100.s,Pivot,16,2599.57,0.0,🤖 Bot,2025-10-09 01:22:36+05:30,2025-10-09 01:22:36+05:30
286512532,NAS100.s,Scalper,20,2747.4700000000007,0.0,🤖 Bot,2025-10-09 01:22:34+05:30,2025-10-09 01:22:34+05:30
286512471,XAUUSD.s,Scalper,7,0.0,0.0,🤖 Bot,2025-10-09 01:22:27+05:30,2025-10-09 01:22:27+05:30
286509231,XAUUSD.s,FibPivot,10,63.1,0.0,🤖 Bot,2025-10-09 01:10:29+05:30,2025-10-09 01:10:29+05:30
286509228,XAUUSD.s,Pivot,10,61.95,0.0,🤖 Bot,2025-10-09 01:10:27+05:30,2025-10-09 01:10:27+05:30
286507872,XAUUSD.s,FibPivot,4,0.0,0.0,🤖 Bot,2025-10-09 01:05:04+05:30,2025-10-09 01:05:04+05:30
286507867,XAUUSD.s,Pivot,4,0.0,0.0,🤖 Bot,2025-10-09 01:05:02+05:30,2025-10-09 01:05:02+05:30
286507804,XAUUSD.s,Scalper,4,0.0,0.0,🤖 Bot,2025-10-09 01:05:00+05:30,2025-10-09 01:05:00+05:30
286505582,NAS100.s,Scalper,2,0.0,0.0,🤖 Bot,2025-10-09 00:56:33+05:30,2025-10-09 00:56:33+05:30
286504937,XAGUSD.s,Scalper,5,0.0,0.0,🤖 Bot,2025-10-09 00:53:08+05:30,2025-10-09 00:53:09+05:30
286504621,NAS100.s,FibPivot,12,2246.98,0.0,🤖 Bot,2025-10-09 00:51:00+05:30,2025-10-09 00:51:01+05:30
286504606,NAS100.s,Pivot,12,2256.84,0.0,🤖 Bot,2025-10-09 00:50:59+05:30,2025-10-09 00:50:59+05:30
286504454,XAUUSD.s,FibPivot,1,0.0,0.0,🤖 Bot,2025-10-09 00:49:47+05:30,2025-10-09 00:49:47+05:30
286504448,XAUUSD.s,Pivot,1,0.0,0.0,🤖 Bot,2025-10-09 00:49:45+05:30,2025-10-09 00:49:46+05:30
286504121,XAGUSD.s,FibPivot,8,0.0,0.0,🤖 Bot,2025-10-09 00:47:29+05:30,2025-10-09 00:47:29+05:30
286504117,XAGUSD.s,Pivot,9,0.0,0.0,🤖 Bot,2025-10-09 00:47:27+05:30,2025-10-09 00:47:27+05:30
286498126,NAS100.s,FibPivot,1,0.0,0.0,🤖 Bot,2025-10-09 00:29:15+05:30,2025-10-09 00:29:15+05:30
286498125,NAS100.s,Pivot,1,0.0,0.0,🤖 Bot,2025-10-09 00:29:13+05:30,2025-10-09 00:29:14+05:30
286493753,XAGUSD.s,FibPivot,4,0.0,0.0,🤖 Bot,2025-10-09 00:15:16+05:30,2025-10-09 00:15:16+05:30
286493751,XAGUSD.s,Pivot,4,0.0,0.0,🤖 Bot,2025-10-09 00:15:14+05:30,2025-10-09 00:15:14+05:30
286493748,XAUUSD.s,FibPivot,4,0.0,0.0,🤖 Bot,2025-10-09 00:15:12+05:30,2025-10-09 00:15:12+05:30
286493742,XAUUSD.s,Pivot,3,0.0,0.0,🤖 Bot,2025-10-09 00:15:10+05:30,2025-10-09 00:15:10+05:30
286493413,NAS100.s,FibPivot,0,0.0,0.0,🤖 Bot,2025-10-09 00:13:07+05:30,2025-10-09 00:13:07+05:30
286493408,NAS100.s,Pivot,0,0.0,0.0,🤖 Bot,2025-10-09 00:13:05+05:30,2025-10-09 00:13:05+05:30
286491702,NAS100.s,FibPivot,19,1366.0800000000004,0.0,🤖 Bot,2025-10-09 00:08:58+05:30,2025-10-09 00:08:58+05:30
286491694,NAS100.s,Pivot,20,1428.0299999999997,0.0,🤖 Bot,2025-10-09 00:08:56+05:30,2025-10-09 00:08:56+05:30
286491680,NAS100.s,Scalper,21,1583.28,0.0,🤖 Bot,2025-10-09 00:08:54+05:30,2025-10-09 00:08:55+05:30
286491677,XAGUSD.s,Scalper,6,0.0,0.0,🤖 Bot,2025-10-09 00:08:52+05:30,2025-10-09 00:08:52+05:30
286491676,XAUUSD.s,Scalper,11,52.5,0.0,🤖 Bot,2025-10-09 00:08:50+05:30,2025-10-09 00:08:50+05:30
286490275,XAUUSD.s,FibPivot,2,0.0,0.0,🤖 Bot,2025-10-09 00:02:27+05:30,2025-10-09 00:02:27+05:30
286490269,XAUUSD.s,Pivot,1,0.0,0.0,🤖 Bot,2025-10-09 00:02:24+05:30,2025-10-09 00:02:25+05:30
286489175,NAS100.s,FibPivot,0,0.0,0.0,🤖 Bot,2025-10-09 00:00:19+05:30,2025-10-09 00:00:19+05:30
286489163,NAS100.s,Pivot,1,0.0,0.0,🤖 Bot,2025-10-09 00:00:17+05:30,2025-10-09 00:00:18+05:30
286485333,XAUUSD.s,Scalper,8,0.0,0.0,🤖 Bot,2025-10-08 23:46:29+05:30,2025-10-08 23:46:30+05:30
286481715,NAS100.s,FibPivot,2,0.0,0.0,🤖 Bot,2025-10-08 23:40:07+05:30,2025-10-08 23:40:07+05:30
286481692,NAS100.s,Pivot,2,0.0,0.0,🤖 Bot,2025-10-08 23:40:05+05:30,2025-10-08 23:40:05+05:30
286481281,XAGUSD.s,Scalper,5,0.0,0.0,🤖 Bot,2025-10-08 23:38:59+05:30,2025-10-08 23:38:59+05:30
286480701,XAGUSD.s,FibPivot,1,0.0,0.0,🤖 Bot,2025-10-08 23:37:53+05:30,2025-10-08 23:37:54+05:30
286480681,XAGUSD.s,Pivot,1,0.0,0.0,🤖 Bot,2025-10-08 23:37:51+05:30,2025-10-08 23:37:52+05:30
286478129,XAUUSD.s,FibPivot,6,0.0,0.0,🤖 Bot,2025-10-08 23:31:38+05:30,2025-10-08 23:31:38+05:30
286478100,XAUUSD.s,Pivot,5,0.0,0.0,🤖 Bot,2025-10-08 23:31:36+05:30,2025-10-08 23:31:36+05:30
286473973,NAS100.s,Scalper,14,3050.65,0.0,🤖 Bot,2025-10-08 23:21:07+05:30,2025-10-08 23:21:07+05:30
286470372,XAGUSD.s,FibPivot,0,0.0,0.0,🤖 Bot,2025-10-08 23:04:51+05:30,2025-10-08 23:04:51+05:30
286470364,XAGUSD.s,Pivot,0,0.0,0.0,🤖 Bot,2025-10-08 23:04:49+05:30,2025-10-08 23:04:49+05:30
286464119,NAS100.s,FibPivot,12,269.03,0.0,🤖 Bot,2025-10-08 22:45:27+05:30,2025-10-08 22:45:27+05:30
286464109,NAS100.s,Pivot,12,210.73,0.0,🤖 Bot,2025-10-08 22:45:25+05:30,2025-10-08 22:45:25+05:30
286457779,XAUUSD.s,FibPivot,2,0.0,0.0,🤖 Bot,2025-10-08 22:39:08+05:30,2025-10-08 22:39:08+05:30
286457738,XAUUSD.s,Pivot,1,0.0,0.0,🤖 Bot,2025-10-08 22:39:06+05:30,2025-10-08 22:39:06+05:30
286454921,XAGUSD.s,Scalper,25,0.0,0.0,🤖 Bot,2025-10-08 22:37:02+05:30,2025-10-08 22:37:02+05:30
286444891,NAS100.s,Scalper,7,521.02,0.0,🤖 Bot,2025-10-08 22:30:53+05:30,2025-10-08 22:30:53+05:30
286444834,XAGUSD.s,FibPivot,5,0.0,0.0,🤖 Bot,2025-10-08 22:30:51+05:30,2025-10-08 22:30:51+05:30
286444786,XAGUSD.s,Pivot,5,0.0,0.0,🤖 Bot,2025-10-08 22:30:49+05:30,2025-10-08 22:30:49+05:30
286444735,XAGUSD.s,Scalper,1,0.0,0.0,🤖 Bot,2025-10-08 22:30:47+05:30,2025-10-08 22:30:47+05:30
286444679,XAUUSD.s,Pivot,17,0.0,0.0,🤖 Bot,2025-10-08 22:30:44+05:30,2025-10-08 22:30:44+05:30
286444612,XAUUSD.s,Scalper,16,0.0,0.0,🤖 Bot,2025-10-08 22:30:41+05:30,2025-10-08 22:30:41+05:30
286431709,NAS100.s,FibPivot,0,0.0,0.0,🤖 Bot,2025-10-08 22:22:50+05:30,2025-10-08 22:22:50+05:30
286431634,NAS100.s,Pivot,0,0.0,0.0,🤖 Bot,2025-10-08 22:22:48+05:30,2025-10-08 22:22:48+05:30
286418720,NAS100.s,FibPivot,8,743.65,0.0,🤖 Bot,2025-10-08 22:15:20+05:30,2025-10-08 22:15:20+05:30
286418687,NAS100.s,Pivot,8,715.97,0.0,🤖 Bot,2025-10-08 22:15:18+05:30,2025-10-08 22:15:18+05:30
286418648,NAS100.s,Scalper,9,735.77,0.0,🤖 Bot,2025-10-08 22:15:16+05:30,2025-10-08 22:15:17+05:30
286413458,NAS100.s,FibPivot,1,0.0,0.0,🤖 Bot,2025-10-08 22:12:06+05:30,2025-10-08 22:12:06+05:30
286413300,NAS100.s,Pivot,1,0.0,0.0,🤖 Bot,2025-10-08 22:12:04+05:30,2025-10-08 22:12:04+05:30
286407375,XAUUSD.s,Pivot,3,0.0,0.0,🤖 Bot,2025-10-08 22:08:47+05:30,2025-10-08 22:08:47+05:30
286403832,XAGUSD.s,Scalper,10,0.0,0.0,🤖 Bot,2025-10-08 22:06:38+05:30,2025-10-08 22:06:38+05:30
286403756,XAUUSD.s,MeanReversion,8,55.2,0.0,🤖 Bot,2025-10-08 22:06:35+05:30,2025-10-08 22:06:35+05:30
286398311,XAGUSD.s,Scalper,0,0.0,0.0,🤖 Bot,2025-10-08 22:04:21+05:30,2025-10-08 22:04:22+05:30
286396448,XAGUSD.s,FibPivot,4,0.0,0.0,🤖 Bot,2025-10-08 22:03:15+05:30,2025-10-08 22:03:15+05:30
286396400,XAGUSD.s,Pivot,4,0.0,0.0,🤖 Bot,2025-10-08 22:03:14+05:30,2025-10-08 22:03:14+05:30
286396351,XAGUSD.s,Scalper,0,0.0,0.0,🤖 Bot,2025-10-08 22:03:12+05:30,2025-10-08 22:03:12+05:30
286396334,XAUUSD.s,FibPivot,3,57.1,0.0,🤖 Bot,2025-10-08 22:03:10+05:30,2025-10-08 22:03:10+05:30
286396316,XAUUSD.s,Pivot,3,57.25,0.0,🤖 Bot,2025-10-08 22:03:08+05:30,2025-10-08 22:03:08+05:30
286392974,NAS100.s,FibPivot,5,1311.3799999999999,0.0,🤖 Bot,2025-10-08 22:01:02+05:30,2025-10-08 22:01:02+05:30
286392952,NAS100.s,Scalper,4,1468.32,0.0,🤖 Bot,2025-10-08 22:01:00+05:30,2025-10-08 22:01:00+05:30
286392847,XAUUSD.s,Scalper,1,0.0,0.0,🤖 Bot,2025-10-08 22:00:54+05:30,2025-10-08 22:00:54+05:30
286387520,NAS100.s,FibPivot,1,0.0,0.0,🤖 Bot,2025-10-08 21:58:46+05:30,2025-10-08 21:58:46+05:30
286387494,NAS100.s,Pivot,1,0.0,0.0,🤖 Bot,2025-10-08 21:58:44+05:30,2025-10-08 21:58:44+05:30
286379168,XAGUSD.s,Scalper,3,0.0,0.0,🤖 Bot,2025-10-08 21:51:23+05:30,2025-10-08 21:51:23+05:30
286379059,XAUUSD.s,Scalper,3,0.0,0.0,🤖 Bot,2025-10-08 21:51:21+05:30,2025-10-08 21:51:21+05:30
286372665,XAGUSD.s,FibPivot,3,0.0,0.0,🤖 Bot,2025-10-08 21:47:07+05:30,2025-10-08 21:47:07+05:30
286372639,XAGUSD.s,Pivot,3,0.0,0.0,🤖 Bot,2025-10-08 21:47:05+05:30,2025-10-08 21:47:06+05:30
286371568,XAUUSD.s,FibPivot,6,54.5,0.0,🤖 Bot,2025-10-08 21:46:01+05:30,2025-10-08 21:46:01+05:30
286371525,XAUUSD.s,Pivot,6,54.35,0.0,🤖 Bot,2025-10-08 21:45:59+05:30,2025-10-08 21:45:59+05:30
286361291,XAUUSD.s,Scalper,3,0.0,0.0,🤖 Bot,2025-10-08 21:38:36+05:30,2025-10-08 21:38:36+05:30
286357464,XAGUSD.s,Pivot,0,0.0,0.0,🤖 Bot,2025-10-08 21:35:31+05:30,2025-10-08 21:35:31+05:30
286344482,NAS100.s,FibPivot,2,0.0,0.0,🤖 Bot,2025-10-08 21:27:19+05:30,2025-10-08 21:27:19+05:30
286344479,NAS100.s,Pivot,2,0.0,0.0,🤖 Bot,2025-10-08 21:27:17+05:30,2025-10-08 21:27:17+05:30
286336372,XAUUSD.s,FibPivot,3,0.0,0.0,🤖 Bot,2025-10-08 21:20:54+05:30,2025-10-08 21:20:54+05:30
286336337,XAUUSD.s,Pivot,3,0.0,0.0,🤖 Bot,2025-10-08 21:20:52+05:30,2025-10-08 21:20:52+05:30
286326578,XAUUSD.s,FibPivot,13,50.0,0.0,🤖 Bot,2025-10-08 21:14:26+05:30,2025-10-08 21:14:26+05:30
286326523,XAUUSD.s,Pivot,14,54.3,0.0,🤖 Bot,2025-10-08 21:14:22+05:30,2025-10-08 21:14:23+05:30
286320678,XAUUSD.s,FibPivot,0,0.0,0.0,🤖 Bot,2025-10-08 21:10:04+05:30,2025-10-08 21:10:04+05:30
286320651,XAUUSD.s,Pivot,0,0.0,0.0,🤖 Bot,2025-10-08 21:10:02+05:30,2025-10-08 21:10:02+05:30
286317201,XAGUSD.s,Scalper,12,0.0,0.0,🤖 Bot,2025-10-08 21:07:59+05:30,2025-10-08 21:07:59+05:30
286315197,XAGUSD.s,FibPivot,4,0.0,0.0,🤖 Bot,2025-10-08 21:06:52+05:30,2025-10-08 21:06:52+05:30
286315141,XAGUSD.s,Pivot,4,0.0,0.0,🤖 Bot,2025-10-08 21:06:49+05:30,2025-10-08 21:06:49+05:30
286311059,NAS100.s,Scalper,19,2005.2300000000002,0.0,🤖 Bot,2025-10-08 21:04:46+05:30,2025-10-08 21:04:46+05:30
286299311,XAGUSD.s,Scalper,1,0.0,0.0,🤖 Bot,2025-10-08 20:56:26+05:30,2025-10-08 20:56:26+05:30
286297793,NAS100.s,FibPivot,3,0.0,0.0,🤖 Bot,2025-10-08 20:55:24+05:30,2025-10-08 20:55:24+05:30
286297730,NAS100.s,Pivot,3,0.0,0.0,🤖 Bot,2025-10-08 20:55:22+05:30,2025-10-08 20:55:22+05:30
286295540,XAUUSD.s,Scalper,1,0.0,0.0,🤖 Bot,2025-10-08 20:54:17+05:30,2025-10-08 20:54:17+05:30
286293593,XAGUSD.s,Scalper,0,0.0,0.0,🤖 Bot,2025-10-08 20:53:14+05:30,2025-10-08 20:53:14+05:30
286288904,XAGUSD.s,FibPivot,5,0.0,0.0,🤖 Bot,2025-10-08 20:48:05+05:30,2025-10-08 20:48:05+05:30
286288897,XAGUSD.s,Pivot,5,0.0,0.0,🤖 Bot,2025-10-08 20:48:03+05:30,2025-10-08 20:48:03+05:30
286288410,XAUUSD.s,Scalper,2,0.0,0.0,🤖 Bot,2025-10-08 20:45:57+05:30,2025-10-08 20:45:57+05:30
286287929,NAS100.s,MeanReversion,6,55.06,0.0,🤖 Bot,2025-10-08 20:44:54+05:30,2025-10-08 20:44:54+05:30
286287494,XAUUSD.s,FibPivot,8,58.8,0.0,🤖 Bot,2025-10-08 20:41:46+05:30,2025-10-08 20:41:46+05:30
286287487,XAUUSD.s,Pivot,8,60.55,0.0,🤖 Bot,2025-10-08 20:41:44+05:30,2025-10-08 20:41:45+05:30
286287012,NAS100.s,Pivot,3,63.71,0.0,🤖 Bot,2025-10-08 20:40:42+05:30,2025-10-08 20:40:42+05:30
286284805,NAS100.s,Scalper,0,0.0,0.0,🤖 Bot,2025-10-08 20:35:29+05:30,2025-10-08 20:35:29+05:30
286284792,XAGUSD.s,FibPivot,3,0.0,0.0,🤖 Bot,2025-10-08 20:35:27+05:30,2025-10-08 20:35:27+05:30
286284764,XAGUSD.s,Pivot,2,0.0,0.0,🤖 Bot,2025-10-08 20:35:25+05:30,2025-10-08 20:35:25+05:30
286284755,XAGUSD.s,Scalper,2,0.0,0.0,🤖 Bot,2025-10-08 20:35:23+05:30,2025-10-08 20:35:23+05:30
286284744,XAUUSD.s,FibPivot,5,0.0,0.0,🤖 Bot,2025-10-08 20:35:21+05:30,2025-10-08 20:35:21+05:30
286284731,XAUUSD.s,Pivot,4,0.0,0.0,🤖 Bot,2025-10-08 20:35:19+05:30,2025-10-08 20:35:20+05:30
286284719,XAUUSD.s,Scalper,4,0.0,0.0,🤖 Bot,2025-10-08 20:35:18+05:30,2025-10-08 20:35:18+05:30
286282568,NAS100.s,Pivot,2,0.0,0.0,🤖 Bot,2025-10-08 20:30:06+05:30,2025-10-08 20:30:06+05:30
286280990,XAGUSD.s,FibPivot,0,0.0,0.0,🤖 Bot,2025-10-08 20:19:41+05:30,2025-10-08 20:19:41+05:30
286280988,XAGUSD.s,Pivot,0,0.0,0.0,🤖 Bot,2025-10-08 20:19:40+05:30,2025-10-08 20:19:40+05:30
286280983,XAUUSD.s,FibPivot,1,0.0,0.0,🤖 Bot,2025-10-08 20:19:37+05:30,2025-10-08 20:19:38+05:30
286280972,XAUUSD.s,Pivot,0,0.0,0.0,🤖 Bot,2025-10-08 20:19:36+05:30,2025-10-08 20:19:36+05:30
286279512,NAS100.s,FibPivot,0,0.0,0.0,🤖 Bot,2025-10-08 20:10:19+05:30,2025-10-08 20:10:19+05:30
286279475,NAS100.s,Pivot,0,0.0,0.0,🤖 Bot,2025-10-08 20:10:17+05:30,2025-10-08 20:10:17+05:30
286278835,XAUUSD.s,FibPivot,12,0.0,0.0,🤖 Bot,2025-10-08 20:06:08+05:30,2025-10-08 20:06:08+05:30
286278833,XAUUSD.s,Pivot,12,0.0,0.0,🤖 Bot,2025-10-08 20:06:06+05:30,2025-10-08 20:06:07+05:30
286278316,XAGUSD.s,Scalper,11,0.0,0.0,🤖 Bot,2025-10-08 20:02:54+05:30,2025-10-08 20:02:54+05:30
286278000,NAS100.s,MeanReversion,7,2372.9600000000005,0.0,🤖 Bot,2025-10-08 20:00:46+05:30,2025-10-08 20:00:46+05:30
286277466,NAS100.s,MeanReversion,0,0.0,0.0,🤖 Bot,2025-10-08 19:57:27+05:30,2025-10-08 19:57:27+05:30
286275527,NAS100.s,MeanReversion,1,0.0,0.0,🤖 Bot,2025-10-08 19:51:04+05:30,2025-10-08 19:51:04+05:30
286274915,NAS100.s,Scalper,0,0.0,0.0,🤖 Bot,2025-10-08 19:47:51+05:30,2025-10-08 19:47:51+05:30
286274520,NAS100.s,Scalper,0,0.0,0.0,🤖 Bot,2025-10-08 19:45:45+05:30,2025-10-08 19:45:45+05:30
286271310,NAS100.s,FibPivot,12,2720.91,0.0,🤖 Bot,2025-10-08 19:33:05+05:30,2025-10-08 19:33:05+05:30
286271278,NAS100.s,Pivot,10,2813.96,0.0,🤖 Bot,2025-10-08 19:33:03+05:30,2025-10-08 19:33:03+05:30
286270392,XAGUSD.s,FibPivot,7,0.0,0.0,🤖 Bot,2025-10-08 19:28:41+05:30,2025-10-08 19:28:41+05:30
286270382,XAGUSD.s,Pivot,7,0.0,0.0,🤖 Bot,2025-10-08 19:28:39+05:30,2025-10-08 19:28:40+05:30
286266747,NAS100.s,FibPivot,0,0.0,0.0,🤖 Bot,2025-10-08 19:11:44+05:30,2025-10-08 19:11:44+05:30
286266517,NAS100.s,Pivot,0,0.0,0.0,🤖 Bot,2025-10-08 19:11:42+05:30,2025-10-08 19:11:42+05:30
286264905,XAUUSD.s,Pivot,8,0.0,0.0,🤖 Bot,2025-10-08 19:06:21+05:30,2025-10-08 19:06:21+05:30
286264887,XAUUSD.s,Scalper,6,0.0,0.0,🤖 Bot,2025-10-08 19:06:19+05:30,2025-10-08 19:06:19+05:30
286263359,XAGUSD.s,Scalper,14,0.0,0.0,🤖 Bot,2025-10-08 19:03:00+05:30,2025-10-08 19:03:01+05:30
286261055,XAGUSD.s,Scalper,0,0.0,0.0,🤖 Bot,2025-10-08 18:57:38+05:30,2025-10-08 18:57:38+05:30
286261037,XAUUSD.s,Scalper,2,0.0,0.0,🤖 Bot,2025-10-08 18:57:35+05:30,2025-10-08 18:57:36+05:30
286259549,NAS100.s,FibPivot,0,0.0,0.0,🤖 Bot,2025-10-08 18:52:24+05:30,2025-10-08 18:52:24+05:30
286259544,NAS100.s,Pivot,0,0.0,0.0,🤖 Bot,2025-10-08 18:52:22+05:30,2025-10-08 18:52:22+05:30
286256174,NAS100.s,MeanReversion,21,7459.37,0.0,🤖 Bot,2025-10-08 18:41:59+05:30,2025-10-08 18:41:59+05:30
286255526,XAUUSD.s,Pivot,11,55.65,0.0,🤖 Bot,2025-10-08 18:38:53+05:30,2025-10-08 18:38:53+05:30
286255294,NAS100.s,Scalper,0,0.0,0.0,🤖 Bot,2025-10-08 18:37:51+05:30,2025-10-08 18:37:51+05:30
286255292,XAGUSD.s,FibPivot,8,0.0,0.0,🤖 Bot,2025-10-08 18:37:49+05:30,2025-10-08 18:37:49+05:30
286255287,XAGUSD.s,Pivot,8,0.0,0.0,🤖 Bot,2025-10-08 18:37:47+05:30,2025-10-08 18:37:47+05:30
286255281,XAGUSD.s,Scalper,0,0.0,0.0,🤖 Bot,2025-10-08 18:37:45+05:30,2025-10-08 18:37:45+05:30
286255272,XAUUSD.s,Scalper,3,0.0,0.0,🤖 Bot,2025-10-08 18:37:43+05:30,2025-10-08 18:37:43+05:30
286254322,XAUUSD.s,FibPivot,0,0.0,0.0,🤖 Bot,2025-10-08 18:33:41+05:30,2025-10-08 18:33:41+05:30
286254317,XAUUSD.s,Pivot,0,0.0,0.0,🤖 Bot,2025-10-08 18:33:38+05:30,2025-10-08 18:33:39+05:30
286250372,XAGUSD.s,FibPivot,0,0.0,0.0,🤖 Bot,2025-10-08 18:20:27+05:30,2025-10-08 18:20:28+05:30
286250367,XAGUSD.s,Pivot,0,0.0,0.0,🤖 Bot,2025-10-08 18:20:26+05:30,2025-10-08 18:20:26+05:30
286249764,XAUUSD.s,Scalper,7,0.0,0.0,🤖 Bot,2025-10-08 18:18:19+05:30,2025-10-08 18:18:19+05:30
286246959,NAS100.s,FibPivot,2,0.0,0.0,🤖 Bot,2025-10-08 18:12:04+05:30,2025-10-08 18:12:04+05:30
286246946,NAS100.s,Pivot,3,0.0,0.0,🤖 Bot,2025-10-08 18:12:02+05:30,2025-10-08 18:12:02+05:30
286246541,XAUUSD.s,FibPivot,0,0.0,0.0,🤖 Bot,2025-10-08 18:10:59+05:30,2025-10-08 18:10:59+05:30
286246534,XAUUSD.s,Pivot,0,0.0,0.0,🤖 Bot,2025-10-08 18:10:57+05:30,2025-10-08 18:10:57+05:30
286244472,NAS100.s,Scalper,6,0.0,0.0,🤖 Bot,2025-10-08 18:04:48+05:30,2025-10-08 18:04:48+05:30
286244454,XAGUSD.s,Scalper,6,0.0,0.0,🤖 Bot,2025-10-08 18:04:46+05:30,2025-10-08 18:04:46+05:30
286244445,XAUUSD.s,MeanReversion,9,53.15,0.0,🤖 Bot,2025-10-08 18:04:44+05:30,2025-10-08 18:04:44+05:30
286244438,XAUUSD.s,Scalper,11,52.2,0.0,🤖 Bot,2025-10-08 18:04:42+05:30,2025-10-08 18:04:42+05:30
286238064,XAUUSD.s,Scalper,0,0.0,0.0,🤖 Bot,2025-10-08 17:30:54+05:30,2025-10-08 17:30:54+05:30
286237242,NAS100.s,Scalper,2,0.0,0.0,🤖 Bot,2025-10-08 17:27:42+05:30,2025-10-08 17:27:43+05:30
286236734,NAS100.s,Scalper,0,0.0,0.0,🤖 Bot,2025-10-08 17:25:32+05:30,2025-10-08 17:25:32+05:30
286235757,NAS100.s,Scalper,0,0.0,0.0,🤖 Bot,2025-10-08 17:21:20+05:30,2025-10-08 17:21:20+05:30
286235319,XAGUSD.s,Scalper,2,0.0,0.0,🤖 Bot,2025-10-08 17:20:14+05:30,2025-10-08 17:20:14+05:30
286234605,NAS100.s,FibPivot,6,722.01,0.0,🤖 Bot,2025-10-08 17:17:09+05:30,2025-10-08 17:17:10+05:30
286234566,NAS100.s,Pivot,6,720.6300000000001,0.0,🤖 Bot,2025-10-08 17:17:07+05:30,2025-10-08 17:17:08+05:30
286233536,NAS100.s,FibPivot,0,0.0,0.0,🤖 Bot,2025-10-08 17:11:53+05:30,2025-10-08 17:11:54+05:30
286233534,NAS100.s,Pivot,0,0.0,0.0,🤖 Bot,2025-10-08 17:11:52+05:30,2025-10-08 17:11:52+05:30
286233391,XAGUSD.s,FibPivot,2,0.0,0.0,🤖 Bot,2025-10-08 17:10:49+05:30,2025-10-08 17:10:50+05:30
286233382,XAGUSD.s,Pivot,2,0.0,0.0,🤖 Bot,2025-10-08 17:10:47+05:30,2025-10-08 17:10:48+05:30
286232997,XAUUSD.s,Pivot,4,0.0,0.0,🤖 Bot,2025-10-08 17:08:44+05:30,2025-10-08 17:08:44+05:30
286232645,NAS100.s,Pivot,3,0.0,0.0,🤖 Bot,2025-10-08 17:07:42+05:30,2025-10-08 17:07:42+05:30
286232642,NAS100.s,Scalper,3,0.0,0.0,🤖 Bot,2025-10-08 17:07:40+05:30,2025-10-08 17:07:40+05:30
286232633,XAGUSD.s,Pivot,2,0.0,0.0,🤖 Bot,2025-10-08 17:07:38+05:30,2025-10-08 17:07:38+05:30
286232617,XAGUSD.s,Scalper,2,0.0,0.0,🤖 Bot,2025-10-08 17:07:35+05:30,2025-10-08 17:07:36+05:30
286232572,XAUUSD.s,Scalper,7,0.0,0.0,🤖 Bot,2025-10-08 17:07:32+05:30,2025-10-08 17:07:33+05:30
286230244,NAS100.s,Pivot,0,0.0,0.0,🤖 Bot,2025-10-08 16:57:09+05:30,2025-10-08 16:57:09+05:30
286226617,XAUUSD.s,FibPivot,1,0.0,0.0,🤖 Bot,2025-10-08 16:41:43+05:30,2025-10-08 16:41:44+05:30
286226603,XAUUSD.s,Pivot,1,0.0,0.0,🤖 Bot,2025-10-08 16:41:41+05:30,2025-10-08 16:41:41+05:30
286222316,NAS100.s,FibPivot,1,0.0,0.0,🤖 Bot,2025-10-08 16:29:30+05:30,2025-10-08 16:29:30+05:30
286222300,NAS100.s,Pivot,1,0.0,0.0,🤖 Bot,2025-10-08 16:29:28+05:30,2025-10-08 16:29:28+05:30
286222296,NAS100.s,Scalper,11,395.07000000000005,0.0,🤖 Bot,2025-10-08 16:29:26+05:30,2025-10-08 16:29:26+05:30
286222289,XAGUSD.s,FibPivot,3,0.0,0.0,🤖 Bot,2025-10-08 16:29:24+05:30,2025-10-08 16:29:24+05:30
286222284,XAGUSD.s,Pivot,3,0.0,0.0,🤖 Bot,2025-10-08 16:29:22+05:30,2025-10-08 16:29:22+05:30
286222274,XAGUSD.s,Scalper,2,0.0,0.0,🤖 Bot,2025-10-08 16:29:20+05:30,2025-10-08 16:29:20+05:30
286222271,XAUUSD.s,FibPivot,0,0.0,0.0,🤖 Bot,2025-10-08 16:29:18+05:30,2025-10-08 16:29:18+05:30
286222264,XAUUSD.s,Pivot,0,0.0,0.0,🤖 Bot,2025-10-08 16:29:16+05:30,2025-10-08 16:29:16+05:30
286222259,XAUUSD.s,Scalper,6,0.0,0.0,🤖 Bot,2025-10-08 16:29:14+05:30,2025-10-08 16:29:14+05:30
286221487,NAS100.s,FibPivot,0,0.0,0.0,🤖 Bot,2025-10-08 16:26:01+05:30,2025-10-08 16:26:01+05:30
286221464,NAS100.s,Pivot,0,0.0,0.0,🤖 Bot,2025-10-08 16:25:59+05:30,2025-10-08 16:25:59+05:30
286221432,XAGUSD.s,Scalper,0,0.0,0.0,🤖 Bot,2025-10-08 16:25:52+05:30,2025-10-08 16:25:52+05:30
286220792,XAUUSD.s,Scalper,1,0.0,0.0,🤖 Bot,2025-10-08 16:23:39+05:30,2025-10-08 16:23:39+05:30
286220035,XAGUSD.s,FibPivot,2,0.0,0.0,🤖 Bot,2025-10-08 16:21:27+05:30,2025-10-08 16:21:27+05:30
286220029,XAGUSD.s,Pivot,2,0.0,0.0,🤖 Bot,2025-10-08 16:21:25+05:30,2025-10-08 16:21:26+05:30
286215530,NAS100.s,FibPivot,0,0.0,0.0,🤖 Bot,2025-10-08 16:03:00+05:30,2025-10-08 16:03:01+05:30
286215515,NAS100.s,Pivot,0,0.0,0.0,🤖 Bot,2025-10-08 16:02:59+05:30,2025-10-08 16:02:59+05:30
286215034,XAUUSD.s,Pivot,7,0.0,0.0,🤖 Bot,2025-10-08 16:01:56+05:30,2025-10-08 16:01:56+05:30
286214711,XAGUSD.s,FibPivot,0,0.0,0.0,🤖 Bot,2025-10-08 16:00:53+05:30,2025-10-08 16:00:53+05:30
286214707,XAGUSD.s,Pivot,1,0.0,0.0,🤖 Bot,2025-10-08 16:00:51+05:30,2025-10-08 16:00:51+05:30
286213676,NAS100.s,FibPivot,11,1182.0,0.0,🤖 Bot,2025-10-08 15:56:46+05:30,2025-10-08 15:56:47+05:30
286213661,NAS100.s,Pivot,10,1180.6,0.0,🤖 Bot,2025-10-08 15:56:45+05:30,2025-10-08 15:56:45+05:30
286213657,NAS100.s,Scalper,12,1124.6,0.0,🤖 Bot,2025-10-08 15:56:43+05:30,2025-10-08 15:56:43+05:30
286213654,XAGUSD.s,FibPivot,5,0.0,0.0,🤖 Bot,2025-10-08 15:56:41+05:30,2025-10-08 15:56:41+05:30
286213643,XAGUSD.s,Pivot,5,0.0,0.0,🤖 Bot,2025-10-08 15:56:39+05:30,2025-10-08 15:56:40+05:30
286213628,XAGUSD.s,Scalper,5,0.0,0.0,🤖 Bot,2025-10-08 15:56:38+05:30,2025-10-08 15:56:38+05:30
286213620,XAUUSD.s,Pivot,2,0.0,0.0,🤖 Bot,2025-10-08 15:56:35+05:30,2025-10-08 15:56:36+05:30
286213616,XAUUSD.s,Scalper,2,0.0,0.0,🤖 Bot,2025-10-08 15:56:34+05:30,2025-10-08 15:56:34+05:30
286211838,XAUUSD.s,FibPivot,1,0.0,0.0,🤖 Bot,2025-10-08 15:50:07+05:30,2025-10-08 15:50:07+05:30
286211836,XAUUSD.s,Pivot,1,0.0,0.0,🤖 Bot,2025-10-08 15:50:05+05:30,2025-10-08 15:50:05+05:30
286211297,XAUUSD.s,Scalper,5,0.0,0.0,🤖 Bot,2025-10-08 15:46:54+05:30,2025-10-08 15:46:54+05:30
286211079,XAGUSD.s,FibPivot,0,0.0,0.0,🤖 Bot,2025-10-08 15:45:49+05:30,2025-10-08 15:45:49+05:30
286211074,XAGUSD.s,Pivot,0,0.0,0.0,🤖 Bot,2025-10-08 15:45:47+05:30,2025-10-08 15:45:47+05:30
286210640,NAS100.s,FibPivot,0,0.0,0.0,🤖 Bot,2025-10-08 15:44:45+05:30,2025-10-08 15:44:45+05:30
286210638,NAS100.s,Pivot,0,0.0,0.0,🤖 Bot,2025-10-08 15:44:43+05:30,2025-10-08 15:44:43+05:30
286210150,NAS100.s,FibPivot,6,61.75,0.0,🤖 Bot,2025-10-08 15:42:40+05:30,2025-10-08 15:42:40+05:30
286210141,NAS100.s,Pivot,6,63.25,0.0,🤖 Bot,2025-10-08 15:42:38+05:30,2025-10-08 15:42:38+05:30
286210125,NAS100.s,Scalper,6,126.5,0.0,🤖 Bot,2025-10-08 15:42:36+05:30,2025-10-08 15:42:37+05:30
286210115,XAGUSD.s,Scalper,5,0.0,0.0,🤖 Bot,2025-10-08 15:42:34+05:30,2025-10-08 15:42:35+05:30
286210097,XAUUSD.s,Pivot,1,0.0,0.0,🤖 Bot,2025-10-08 15:42:32+05:30,2025-10-08 15:42:32+05:30
286210090,XAUUSD.s,Scalper,1,0.0,0.0,🤖 Bot,2025-10-08 15:42:31+05:30,2025-10-08 15:42:31+05:30
286206199,NAS100.s,FibPivot,1,0.0,0.0,🤖 Bot,2025-10-08 15:30:43+05:30,2025-10-08 15:30:43+05:30
286206198,NAS100.s,Pivot,1,0.0,0.0,🤖 Bot,2025-10-08 15:30:41+05:30,2025-10-08 15:30:42+05:30
286203419,NAS100.s,FibPivot,11,1431.1399999999999,0.0,🤖 Bot,2025-10-08 15:15:59+05:30,2025-10-08 15:15:59+05:30
286203417,NAS100.s,Pivot,13,1435.9,0.0,🤖 Bot,2025-10-08 15:15:57+05:30,2025-10-08 15:15:57+05:30
286203414,XAGUSD.s,FibPivot,6,0.0,0.0,🤖 Bot,2025-10-08 15:15:55+05:30,2025-10-08 15:15:55+05:30
286203413,XAGUSD.s,Pivot,8,0.0,0.0,🤖 Bot,2025-10-08 15:15:53+05:30,2025-10-08 15:15:53+05:30
286203412,XAGUSD.s,Scalper,2,0.0,0.0,🤖 Bot,2025-10-08 15:15:51+05:30,2025-10-08 15:15:52+05:30
286203409,XAUUSD.s,FibPivot,1,0.0,0.0,🤖 Bot,2025-10-08 15:15:49+05:30,2025-10-08 15:15:50+05:30
286203408,XAUUSD.s,Pivot,1,0.0,0.0,🤖 Bot,2025-10-08 15:15:47+05:30,2025-10-08 15:15:47+05:30
286203377,XAUUSD.s,Scalper,13,0.0,0.0,🤖 Bot,2025-10-08 15:15:45+05:30,2025-10-08 15:15:46+05:30
286203159,XAGUSD.s,FibPivot,0,0.0,0.0,🤖 Bot,2025-10-08 15:14:40+05:30,2025-10-08 15:14:40+05:30
286203158,XAGUSD.s,Pivot,0,0.0,0.0,🤖 Bot,2025-10-08 15:14:38+05:30,2025-10-08 15:14:38+05:30
286203146,XAUUSD.s,FibPivot,0,0.0,0.0,🤖 Bot,2025-10-08 15:14:36+05:30,2025-10-08 15:14:36+05:30
286203145,XAUUSD.s,Pivot,0,0.0,0.0,🤖 Bot,2025-10-08 15:14:34+05:30,2025-10-08 15:14:34+05:30
286198708,NAS100.s,FibPivot,0,0.0,0.0,🤖 Bot,2025-10-08 14:56:21+05:30,2025-10-08 14:56:21+05:30
286198704,NAS100.s,Pivot,0,0.0,0.0,🤖 Bot,2025-10-08 14:56:19+05:30,2025-10-08 14:56:19+05:30
286197684,XAUUSD.s,FibPivot,10,0.0,0.0,🤖 Bot,2025-10-08 14:53:15+05:30,2025-10-08 14:53:15+05:30
286197678,XAUUSD.s,Pivot,10,0.0,0.0,🤖 Bot,2025-10-08 14:53:13+05:30,2025-10-08 14:53:14+05:30
286197672,XAUUSD.s,Scalper,10,0.0,0.0,🤖 Bot,2025-10-08 14:53:12+05:30,2025-10-08 14:53:12+05:30
286197250,XAGUSD.s,FibPivot,7,0.0,0.0,🤖 Bot,2025-10-08 14:52:05+05:30,2025-10-08 14:52:05+05:30
286197244,XAGUSD.s,Pivot,7,0.0,0.0,🤖 Bot,2025-10-08 14:52:03+05:30,2025-10-08 14:52:03+05:30
286197235,XAGUSD.s,Scalper,7,0.0,0.0,🤖 Bot,2025-10-08 14:52:01+05:30,2025-10-08 14:52:01+05:30
286195938,NAS100.s,FibPivot,15,1413.73,0.0,🤖 Bot,2025-10-08 14:47:49+05:30,2025-10-08 14:47:49+05:30
286195930,NAS100.s,Pivot,14,1503.73,0.0,🤖 Bot,2025-10-08 14:47:47+05:30,2025-10-08 14:47:47+05:30
286194775,NAS100.s,FibPivot,0,0.0,0.0,🤖 Bot,2025-10-08 14:44:37+05:30,2025-10-08 14:44:37+05:30
286194772,NAS100.s,Pivot,0,0.0,0.0,🤖 Bot,2025-10-08 14:44:36+05:30,2025-10-08 14:44:36+05:30
286194769,NAS100.s,Scalper,0,0.0,0.0,🤖 Bot,2025-10-08 14:44:34+05:30,2025-10-08 14:44:34+05:30
286194768,XAGUSD.s,FibPivot,3,0.0,0.0,🤖 Bot,2025-10-08 14:44:32+05:30,2025-10-08 14:44:32+05:30
286194766,XAGUSD.s,Pivot,3,0.0,0.0,🤖 Bot,2025-10-08 14:44:30+05:30,2025-10-08 14:44:30+05:30
286194765,XAGUSD.s,Scalper,0,0.0,0.0,🤖 Bot,2025-10-08 14:44:28+05:30,2025-10-08 14:44:28+05:30
286194763,XAUUSD.s,FibPivot,6,0.0,0.0,🤖 Bot,2025-10-08 14:44:26+05:30,2025-10-08 14:44:26+05:30
286194762,XAUUSD.s,Pivot,6,0.0,0.0,🤖 Bot,2025-10-08 14:44:24+05:30,2025-10-08 14:44:25+05:30
286194760,XAUUSD.s,Scalper,0,0.0,0.0,🤖 Bot,2025-10-08 14:44:23+05:30,2025-10-08 14:44:23+05:30
286193242,NAS100.s,MeanReversion,2,0.0,0.0,🤖 Bot,2025-10-08 14:36:13+05:30,2025-10-08 14:36:13+05:30
286193194,XAUUSD.s,FibPivot,0,0.0,0.0,🤖 Bot,2025-10-08 14:36:09+05:30,2025-10-08 14:36:09+05:30
286193180,XAUUSD.s,Pivot,0,0.0,0.0,🤖 Bot,2025-10-08 14:36:07+05:30,2025-10-08 14:36:07+05:30
286192743,NAS100.s,Pivot,3,174.99,0.0,🤖 Bot,2025-10-08 14:34:04+05:30,2025-10-08 14:34:04+05:30
286192741,XAGUSD.s,Scalper,5,0.0,0.0,🤖 Bot,2025-10-08 14:34:01+05:30,2025-10-08 14:34:01+05:30
286192733,XAUUSD.s,Scalper,3,0.0,0.0,🤖 Bot,2025-10-08 14:33:59+05:30,2025-10-08 14:33:59+05:30
286191066,XAGUSD.s,FibPivot,4,0.0,0.0,🤖 Bot,2025-10-08 14:27:32+05:30,2025-10-08 14:27:32+05:30
286191064,XAGUSD.s,Pivot,4,0.0,0.0,🤖 Bot,2025-10-08 14:27:30+05:30,2025-10-08 14:27:30+05:30
286188495,NAS100.s,FibPivot,0,0.0,0.0,🤖 Bot,2025-10-08 14:17:03+05:30,2025-10-08 14:17:03+05:30
286188488,NAS100.s,Pivot,0,0.0,0.0,🤖 Bot,2025-10-08 14:17:01+05:30,2025-10-08 14:17:02+05:30
286188122,XAUUSD.s,FibPivot,4,0.0,0.0,🤖 Bot,2025-10-08 14:15:58+05:30,2025-10-08 14:15:58+05:30
286188106,XAUUSD.s,Pivot,5,0.0,0.0,🤖 Bot,2025-10-08 14:15:56+05:30,2025-10-08 14:15:56+05:30
286187592,XAGUSD.s,Scalper,5,0.0,0.0,🤖 Bot,2025-10-08 14:14:53+05:30,2025-10-08 14:14:54+05:30
286187554,XAUUSD.s,Scalper,2,0.0,0.0,🤖 Bot,2025-10-08 14:14:51+05:30,2025-10-08 14:14:51+05:30
286186534,XAGUSD.s,Scalper,0,0.0,0.0,🤖 Bot,2025-10-08 14:12:48+05:30,2025-10-08 14:12:48+05:30
286186110,NAS100.s,FibPivot,10,167.22,0.0,🤖 Bot,2025-10-08 14:10:44+05:30,2025-10-08 14:10:45+05:30
286186109,NAS100.s,Pivot,10,224.63,0.0,🤖 Bot,2025-10-08 14:10:42+05:30,2025-10-08 14:10:43+05:30
286186107,XAGUSD.s,FibPivot,6,0.0,0.0,🤖 Bot,2025-10-08 14:10:40+05:30,2025-10-08 14:10:41+05:30
286186105,XAGUSD.s,Pivot,6,0.0,0.0,🤖 Bot,2025-10-08 14:10:39+05:30,2025-10-08 14:10:39+05:30
286186104,XAGUSD.s,Scalper,0,0.0,0.0,🤖 Bot,2025-10-08 14:10:37+05:30,2025-10-08 14:10:37+05:30
286186103,XAUUSD.s,FibPivot,0,0.0,0.0,🤖 Bot,2025-10-08 14:10:35+05:30,2025-10-08 14:10:35+05:30
286186102,XAUUSD.s,Pivot,0,0.0,0.0,🤖 Bot,2025-10-08 14:10:32+05:30,2025-10-08 14:10:33+05:30
286186101,XAUUSD.s,Scalper,0,0.0,0.0,🤖 Bot,2025-10-08 14:10:31+05:30,2025-10-08 14:10:31+05:30
286183249,NAS100.s,MeanReversion,3,0.0,0.0,🤖 Bot,2025-10-08 13:59:09+05:30,2025-10-08 13:59:09+05:30
286183046,XAUUSD.s,FibPivot,0,0.0,0.0,🤖 Bot,2025-10-08 13:56:58+05:30,2025-10-08 13:56:58+05:30
286183038,XAUUSD.s,Pivot,0,0.0,0.0,🤖 Bot,2025-10-08 13:56:56+05:30,2025-10-08 13:56:56+05:30
286183033,XAUUSD.s,Scalper,9,0.0,0.0,🤖 Bot,2025-10-08 13:56:55+05:30,2025-10-08 13:56:55+05:30
286182808,NAS100.s,FibPivot,4,211.19,0.0,🤖 Bot,2025-10-08 13:55:52+05:30,2025-10-08 13:55:53+05:30
286182797,NAS100.s,Pivot,4,211.19,0.0,🤖 Bot,2025-10-08 13:55:51+05:30,2025-10-08 13:55:51+05:30
286182793,NAS100.s,Scalper,0,0.0,0.0,🤖 Bot,2025-10-08 13:55:49+05:30,2025-10-08 13:55:49+05:30
286182785,XAGUSD.s,FibPivot,7,0.0,0.0,🤖 Bot,2025-10-08 13:55:47+05:30,2025-10-08 13:55:47+05:30
286182780,XAGUSD.s,Pivot,7,0.0,0.0,🤖 Bot,2025-10-08 13:55:45+05:30,2025-10-08 13:55:45+05:30
286182773,XAGUSD.s,Scalper,7,0.0,0.0,🤖 Bot,2025-10-08 13:55:43+05:30,2025-10-08 13:55:43+05:30
286181356,XAUUSD.s,FibPivot,1,0.0,0.0,🤖 Bot,2025-10-08 13:51:57+05:30,2025-10-08 13:51:57+05:30
286181354,XAUUSD.s,Pivot,1,0.0,0.0,🤖 Bot,2025-10-08 13:51:55+05:30,2025-10-08 13:51:55+05:30
286179899,NAS100.s,MeanReversion,9,50.69,0.0,🤖 Bot,2025-10-08 13:44:38+05:30,2025-10-08 13:44:38+05:30
286179366,NAS100.s,MeanReversion,3,0.0,0.0,🤖 Bot,2025-10-08 13:40:25+05:30,2025-10-08 13:40:25+05:30
286179223,NAS100.s,FibPivot,8,856.5400000000001,0.0,🤖 Bot,2025-10-08 13:39:23+05:30,2025-10-08 13:39:23+05:30
286179204,NAS100.s,Pivot,9,824.6899999999999,0.0,🤖 Bot,2025-10-08 13:39:21+05:30,2025-10-08 13:39:21+05:30
286178964,XAUUSD.s,Scalper,16,0.0,0.0,🤖 Bot,2025-10-08 13:38:17+05:30,2025-10-08 13:38:17+05:30
286177273,NAS100.s,MeanReversion,4,0.0,0.0,🤖 Bot,2025-10-08 13:33:05+05:30,2025-10-08 13:33:05+05:30
286177021,XAGUSD.s,FibPivot,2,0.0,0.0,🤖 Bot,2025-10-08 13:30:58+05:30,2025-10-08 13:30:58+05:30
286177019,XAGUSD.s,Pivot,2,0.0,0.0,🤖 Bot,2025-10-08 13:30:56+05:30,2025-10-08 13:30:56+05:30
286177017,XAUUSD.s,FibPivot,5,0.0,0.0,🤖 Bot,2025-10-08 13:30:54+05:30,2025-10-08 13:30:54+05:30
286177015,XAUUSD.s,Pivot,5,0.0,0.0,🤖 Bot,2025-10-08 13:30:52+05:30,2025-10-08 13:30:52+05:30
286173795,NAS100.s,FibPivot,10,422.49,0.0,🤖 Bot,2025-10-08 13:20:19+05:30,2025-10-08 13:20:20+05:30
286173789,NAS100.s,Pivot,9,422.49,0.0,🤖 Bot,2025-10-08 13:20:18+05:30,2025-10-08 13:20:18+05:30
286172701,XAGUSD.s,FibPivot,0,0.0,0.0,🤖 Bot,2025-10-08 13:16:13+05:30,2025-10-08 13:16:13+05:30
286172700,XAGUSD.s,Pivot,0,0.0,0.0,🤖 Bot,2025-10-08 13:16:11+05:30,2025-10-08 13:16:12+05:30
286172697,XAGUSD.s,Scalper,27,0.0,0.0,🤖 Bot,2025-10-08 13:16:10+05:30,2025-10-08 13:16:10+05:30
286172611,NAS100.s,Scalper,8,0.0,0.0,🤖 Bot,2025-10-08 13:15:08+05:30,2025-10-08 13:15:08+05:30
286171133,NAS100.s,Pivot,5,115.28999999999999,0.0,🤖 Bot,2025-10-08 13:01:46+05:30,2025-10-08 13:01:46+05:30
286170223,XAUUSD.s,Scalper,30,0.0,0.0,🤖 Bot,2025-10-08 12:50:35+05:30,2025-10-08 12:50:35+05:30
286170083,XAGUSD.s,Scalper,8,0.0,0.0,🤖 Bot,2025-10-08 12:49:33+05:30,2025-10-08 12:49:33+05:30
286169336,XAGUSD.s,FibPivot,7,0.0,0.0,🤖 Bot,2025-10-08 12:45:28+05:30,2025-10-08 12:45:28+05:30
286169335,XAGUSD.s,Pivot,7,0.0,0.0,🤖 Bot,2025-10-08 12:45:26+05:30,2025-10-08 12:45:26+05:30
286169334,XAUUSD.s,FibPivot,11,0.0,0.0,🤖 Bot,2025-10-08 12:45:24+05:30,2025-10-08 12:45:24+05:30
286169332,XAUUSD.s,Pivot,10,0.0,0.0,🤖 Bot,2025-10-08 12:45:22+05:30,2025-10-08 12:45:22+05:30
286168488,NAS100.s,Scalper,19,0.0,0.0,🤖 Bot,2025-10-08 12:41:15+05:30,2025-10-08 12:41:15+05:30
286167939,NAS100.s,FibPivot,9,0.0,0.0,🤖 Bot,2025-10-08 12:40:12+05:30,2025-10-08 12:40:12+05:30
286167928,NAS100.s,Pivot,10,0.0,0.0,🤖 Bot,2025-10-08 12:40:10+05:30,2025-10-08 12:40:10+05:30
286165098,XAUUSD.s,Scalper,16,0.0,0.0,🤖 Bot,2025-10-08 12:26:56+05:30,2025-10-08 12:26:57+05:30
286164775,NAS100.s,Scalper,8,50.46,0.0,🤖 Bot,2025-10-08 12:25:54+05:30,2025-10-08 12:25:54+05:30
286164162,XAUUSD.s,FibPivot,5,0.0,0.0,🤖 Bot,2025-10-08 12:23:50+05:30,2025-10-08 12:23:50+05:30
286164155,XAUUSD.s,Pivot,5,0.0,0.0,🤖 Bot,2025-10-08 12:23:49+05:30,2025-10-08 12:23:49+05:30
286163954,XAUUSD.s,Scalper,2,0.0,0.0,🤖 Bot,2025-10-08 12:22:43+05:30,2025-10-08 12:22:43+05:30
286163500,XAGUSD.s,FibPivot,2,0.0,0.0,🤖 Bot,2025-10-08 12:21:38+05:30,2025-10-08 12:21:38+05:30
286163492,XAGUSD.s,Pivot,3,0.0,0.0,🤖 Bot,2025-10-08 12:21:36+05:30,2025-10-08 12:21:37+05:30
286163295,NAS100.s,FibPivot,3,0.0,0.0,🤖 Bot,2025-10-08 12:20:34+05:30,2025-10-08 12:20:35+05:30
286163288,NAS100.s,Pivot,3,0.0,0.0,🤖 Bot,2025-10-08 12:20:33+05:30,2025-10-08 12:20:33+05:30
286160785,XAGUSD.s,FibPivot,25,0.0,0.0,🤖 Bot,2025-10-08 12:06:17+05:30,2025-10-08 12:06:17+05:30
286160784,XAGUSD.s,Pivot,25,0.0,0.0,🤖 Bot,2025-10-08 12:06:15+05:30,2025-10-08 12:06:15+05:30
286160783,XAGUSD.s,Scalper,25,0.0,0.0,🤖 Bot,2025-10-08 12:06:13+05:30,2025-10-08 12:06:13+05:30
286160712,NAS100.s,Scalper,10,110.69999999999999,0.0,🤖 Bot,2025-10-08 12:05:11+05:30,2025-10-08 12:05:11+05:30
286160710,XAUUSD.s,FibPivot,2,0.0,0.0,🤖 Bot,2025-10-08 12:05:09+05:30,2025-10-08 12:05:09+05:30
286160709,XAUUSD.s,Pivot,2,0.0,0.0,🤖 Bot,2025-10-08 12:05:07+05:30,2025-10-08 12:05:07+05:30
286160573,NAS100.s,FibPivot,6,0.0,0.0,🤖 Bot,2025-10-08 12:04:05+05:30,2025-10-08 12:04:05+05:30
286160565,NAS100.s,Pivot,6,0.0,0.0,🤖 Bot,2025-10-08 12:04:03+05:30,2025-10-08 12:04:04+05:30
286158924,XAGUSD.s,Scalper,4,0.0,0.0,🤖 Bot,2025-10-08 11:54:43+05:30,2025-10-08 11:54:43+05:30
286158732,XAUUSD.s,Scalper,19,0.0,0.0,🤖 Bot,2025-10-08 11:53:36+05:30,2025-10-08 11:53:37+05:30
286157593,XAUUSD.s,Scalper,4,0.0,0.0,🤖 Bot,2025-10-08 11:48:20+05:30,2025-10-08 11:48:20+05:30
286157241,XAUUSD.s,FibPivot,6,0.0,0.0,🤖 Bot,2025-10-08 11:46:18+05:30,2025-10-08 11:46:18+05:30
286157222,XAUUSD.s,Pivot,5,0.0,0.0,🤖 Bot,2025-10-08 11:46:16+05:30,2025-10-08 11:46:16+05:30
286157045,NAS100.s,FibPivot,1,0.0,0.0,🤖 Bot,2025-10-08 11:45:14+05:30,2025-10-08 11:45:14+05:30
286157042,NAS100.s,Pivot,1,0.0,0.0,🤖 Bot,2025-10-08 11:45:12+05:30,2025-10-08 11:45:12+05:30
286156403,XAUUSD.s,Scalper,3,0.0,0.0,🤖 Bot,2025-10-08 11:42:08+05:30,2025-10-08 11:42:08+05:30
286155746,XAUUSD.s,FibPivot,2,0.0,0.0,🤖 Bot,2025-10-08 11:40:05+05:30,2025-10-08 11:40:05+05:30
286155740,XAUUSD.s,Pivot,3,0.0,0.0,🤖 Bot,2025-10-08 11:40:03+05:30,2025-10-08 11:40:03+05:30
286153844,NAS100.s,Scalper,14,342.27000000000004,0.0,🤖 Bot,2025-10-08 11:33:56+05:30,2025-10-08 11:33:56+05:30
286153323,NAS100.s,FibPivot,5,0.0,0.0,🤖 Bot,2025-10-08 11:31:52+05:30,2025-10-08 11:31:52+05:30
286153319,NAS100.s,Pivot,6,0.0,0.0,🤖 Bot,2025-10-08 11:31:50+05:30,2025-10-08 11:31:51+05:30
286153110,XAGUSD.s,FibPivot,9,0.0,0.0,🤖 Bot,2025-10-08 11:30:45+05:30,2025-10-08 11:30:45+05:30
286153103,XAGUSD.s,Pivot,9,0.0,0.0,🤖 Bot,2025-10-08 11:30:43+05:30,2025-10-08 11:30:43+05:30
286152082,XAGUSD.s,FibPivot,1,0.0,0.0,🤖 Bot,2025-10-08 11:25:30+05:30,2025-10-08 11:25:31+05:30
286152072,XAGUSD.s,Pivot,1,0.0,0.0,🤖 Bot,2025-10-08 11:25:28+05:30,2025-10-08 11:25:28+05:30
286151071,XAUUSD.s,FibPivot,1,0.0,0.0,🤖 Bot,2025-10-08 11:20:22+05:30,2025-10-08 11:20:22+05:30
286151067,XAUUSD.s,Pivot,1,0.0,0.0,🤖 Bot,2025-10-08 11:20:20+05:30,2025-10-08 11:20:20+05:30
286150115,NAS100.s,Scalper,19,715.3800000000001,0.0,🤖 Bot,2025-10-08 11:15:11+05:30,2025-10-08 11:15:11+05:30
286149420,NAS100.s,FibPivot,9,130.47,0.0,🤖 Bot,2025-10-08 11:07:02+05:30,2025-10-08 11:07:02+05:30
286149418,NAS100.s,Pivot,9,128.75,0.0,🤖 Bot,2025-10-08 11:07:00+05:30,2025-10-08 11:07:00+05:30
286149226,XAGUSD.s,Scalper,18,0.0,0.0,🤖 Bot,2025-10-08 11:03:55+05:30,2025-10-08 11:03:55+05:30
286149160,NAS100.s,Scalper,6,0.0,0.0,🤖 Bot,2025-10-08 11:02:53+05:30,2025-10-08 11:02:53+05:30
286148765,XAGUSD.s,FibPivot,4,0.0,0.0,🤖 Bot,2025-10-08 11:00:47+05:30,2025-10-08 11:00:47+05:30
286148762,XAGUSD.s,Pivot,5,0.0,0.0,🤖 Bot,2025-10-08 11:00:45+05:30,2025-10-08 11:00:46+05:30
286148572,XAUUSD.s,FibPivot,3,0.0,0.0,🤖 Bot,2025-10-08 10:58:34+05:30,2025-10-08 10:58:34+05:30
286148571,XAUUSD.s,Pivot,3,0.0,0.0,🤖 Bot,2025-10-08 10:58:32+05:30,2025-10-08 10:58:32+05:30
286148323,NAS100.s,FibPivot,1,0.0,0.0,🤖 Bot,2025-10-08 10:56:26+05:30,2025-10-08 10:56:26+05:30
286148322,NAS100.s,Pivot,1,0.0,0.0,🤖 Bot,2025-10-08 10:56:24+05:30,2025-10-08 10:56:24+05:30
286147597,NAS100.s,FibPivot,1,0.0,0.0,🤖 Bot,2025-10-08 10:50:06+05:30,2025-10-08 10:50:06+05:30
286147596,NAS100.s,Pivot,1,0.0,0.0,🤖 Bot,2025-10-08 10:50:04+05:30,2025-10-08 10:50:04+05:30
286147594,XAGUSD.s,FibPivot,1,0.0,0.0,🤖 Bot,2025-10-08 10:50:02+05:30,2025-10-08 10:50:03+05:30
286147592,XAGUSD.s,Pivot,1,0.0,0.0,🤖 Bot,2025-10-08 10:50:00+05:30,2025-10-08 10:50:01+05:30
286147479,XAGUSD.s,FibPivot,10,0.0,0.0,🤖 Bot,2025-10-08 10:48:58+05:30,2025-10-08 10:48:58+05:30
286147478,XAGUSD.s,Pivot,10,0.0,0.0,🤖 Bot,2025-10-08 10:48:57+05:30,2025-10-08 10:48:57+05:30
286147473,XAGUSD.s,Scalper,10,0.0,0.0,🤖 Bot,2025-10-08 10:48:55+05:30,2025-10-08 10:48:55+05:30
286147234,XAUUSD.s,FibPivot,1,0.0,0.0,🤖 Bot,2025-10-08 10:47:51+05:30,2025-10-08 10:47:51+05:30
286147229,XAUUSD.s,Pivot,1,0.0,0.0,🤖 Bot,2025-10-08 10:47:49+05:30,2025-10-08 10:47:50+05:30
286146444,XAUUSD.s,Scalper,29,0.0,0.0,🤖 Bot,2025-10-08 10:44:44+05:30,2025-10-08 10:44:44+05:30
286144008,XAUUSD.s,FibPivot,1,0.0,0.0,🤖 Bot,2025-10-08 10:34:20+05:30,2025-10-08 10:34:20+05:30
286144002,XAUUSD.s,Pivot,1,0.0,0.0,🤖 Bot,2025-10-08 10:34:18+05:30,2025-10-08 10:34:19+05:30
286143072,XAGUSD.s,Scalper,23,0.0,0.0,🤖 Bot,2025-10-08 10:31:15+05:30,2025-10-08 10:31:15+05:30
286141864,NAS100.s,FibPivot,5,0.0,0.0,🤖 Bot,2025-10-08 10:27:08+05:30,2025-10-08 10:27:08+05:30
286141859,NAS100.s,Pivot,5,0.0,0.0,🤖 Bot,2025-10-08 10:27:06+05:30,2025-10-08 10:27:06+05:30
286140804,XAGUSD.s,FibPivot,6,0.0,0.0,🤖 Bot,2025-10-08 10:20:57+05:30,2025-10-08 10:20:57+05:30
286140803,XAGUSD.s,Pivot,3,0.0,0.0,🤖 Bot,2025-10-08 10:20:55+05:30,2025-10-08 10:20:55+05:30
286139979,NAS100.s,Scalper,22,2391.6,0.0,🤖 Bot,2025-10-08 10:11:42+05:30,2025-10-08 10:11:42+05:30
286139714,XAUUSD.s,Scalper,35,51.55,0.0,🤖 Bot,2025-10-08 10:09:32+05:30,2025-10-08 10:09:32+05:30
286139465,XAGUSD.s,Scalper,8,0.0,0.0,🤖 Bot,2025-10-08 10:08:29+05:30,2025-10-08 10:08:29+05:30
286139310,XAGUSD.s,Scalper,1,0.0,0.0,🤖 Bot,2025-10-08 10:06:20+05:30,2025-10-08 10:06:20+05:30
286139307,XAUUSD.s,FibPivot,6,0.0,0.0,🤖 Bot,2025-10-08 10:06:18+05:30,2025-10-08 10:06:18+05:30
286139305,XAUUSD.s,Pivot,6,0.0,0.0,🤖 Bot,2025-10-08 10:06:16+05:30,2025-10-08 10:06:16+05:30
286139110,NAS100.s,FibPivot,7,284.56,0.0,🤖 Bot,2025-10-08 10:05:14+05:30,2025-10-08 10:05:14+05:30
286139097,NAS100.s,Pivot,7,356.64,0.0,🤖 Bot,2025-10-08 10:05:13+05:30,2025-10-08 10:05:13+05:30
286139094,XAGUSD.s,FibPivot,8,0.0,0.0,🤖 Bot,2025-10-08 10:05:09+05:30,2025-10-08 10:05:10+05:30
286139092,XAGUSD.s,Pivot,8,0.0,0.0,🤖 Bot,2025-10-08 10:05:08+05:30,2025-10-08 10:05:08+05:30
286137158,XAUUSD.s,FibPivot,0,0.0,0.0,🤖 Bot,2025-10-08 09:56:38+05:30,2025-10-08 09:56:38+05:30
286137157,XAUUSD.s,Pivot,0,0.0,0.0,🤖 Bot,2025-10-08 09:56:36+05:30,2025-10-08 09:56:36+05:30
286135425,XAGUSD.s,MeanReversion,10,0.0,0.0,🤖 Bot,2025-10-08 09:46:57+05:30,2025-10-08 09:46:57+05:30
286135424,XAUUSD.s,FibPivot,2,0.0,0.0,🤖 Bot,2025-10-08 09:46:54+05:30,2025-10-08 09:46:55+05:30
286134332,XAGUSD.s,MeanReversion,2,0.0,0.0,🤖 Bot,2025-10-08 09:39:32+05:30,2025-10-08 09:39:32+05:30
286134199,NAS100.s,FibPivot,3,0.0,0.0,🤖 Bot,2025-10-08 09:37:21+05:30,2025-10-08 09:37:21+05:30
286134196,NAS100.s,Pivot,3,0.0,0.0,🤖 Bot,2025-10-08 09:37:19+05:30,2025-10-08 09:37:19+05:30
286133709,XAGUSD.s,FibPivot,4,0.0,0.0,🤖 Bot,2025-10-08 09:35:11+05:30,2025-10-08 09:35:12+05:30
286133706,XAGUSD.s,Pivot,4,0.0,0.0,🤖 Bot,2025-10-08 09:35:10+05:30,2025-10-08 09:35:10+05:30
286133701,XAUUSD.s,FibPivot,5,0.0,0.0,🤖 Bot,2025-10-08 09:35:08+05:30,2025-10-08 09:35:08+05:30
286133696,XAUUSD.s,Pivot,5,0.0,0.0,🤖 Bot,2025-10-08 09:35:06+05:30,2025-10-08 09:35:06+05:30
286133689,XAUUSD.s,MeanReversion,14,0.0,0.0,🤖 Bot,2025-10-08 09:35:04+05:30,2025-10-08 09:35:05+05:30
286132557,XAGUSD.s,Scalper,0,0.0,0.0,🤖 Bot,2025-10-08 09:31:54+05:30,2025-10-08 09:31:54+05:30
286132290,NAS100.s,FibPivot,0,0.0,0.0,🤖 Bot,2025-10-08 09:30:52+05:30,2025-10-08 09:30:52+05:30
286132270,NAS100.s,Pivot,0,0.0,0.0,🤖 Bot,2025-10-08 09:30:50+05:30,2025-10-08 09:30:50+05:30
286132214,NAS100.s,Scalper,20,6832.109999999999,0.0,🤖 Bot,2025-10-08 09:30:48+05:30,2025-10-08 09:30:48+05:30
286110592,NAS100.s,FibPivot,284,0.0,0.0,🤖 Bot,2025-10-08 04:40:41+05:30,2025-10-08 04:40:41+05:30
286110587,NAS100.s,Pivot,284,0.0,0.0,🤖 Bot,2025-10-08 04:40:38+05:30,2025-10-08 04:40:38+05:30
286110335,XAGUSD.s,Pivot,2,0.0,0.0,🤖 Bot,2025-10-08 04:38:34+05:30,2025-10-08 04:38:34+05:30
286110277,NAS100.s,FibPivot,4,0.0,0.0,🤖 Bot,2025-10-08 04:36:30+05:30,2025-10-08 04:36:30+05:30
286110276,NAS100.s,Pivot,4,0.0,0.0,🤖 Bot,2025-10-08 04:36:28+05:30,2025-10-08 04:36:28+05:30
286110275,NAS100.s,Scalper,4,0.0,0.0,🤖 Bot,2025-10-08 04:36:26+05:30,2025-10-08 04:36:26+05:30
286110274,XAGUSD.s,Scalper,293,0.0,0.0,🤖 Bot,2025-10-08 04:36:24+05:30,2025-10-08 04:36:24+05:30
286110273,XAUUSD.s,Pivot,1,0.0,0.0,🤖 Bot,2025-10-08 04:36:22+05:30,2025-10-08 04:36:22+05:30
286110272,XAUUSD.s,Scalper,293,0.0,0.0,🤖 Bot,2025-10-08 04:36:19+05:30,2025-10-08 04:36:20+05:30
286110219,XAUUSD.s,FibPivot,1,0.0,0.0,🤖 Bot,2025-10-08 04:35:26+05:30,2025-10-08 04:35:27+05:30
286110218,XAUUSD.s,Pivot,1,0.0,0.0,🤖 Bot,2025-10-08 04:35:24+05:30,2025-10-08 04:35:24+05:30
286110180,NAS100.s,FibPivot,1,0.0,0.0,🤖 Bot,2025-10-08 04:34:18+05:30,2025-10-08 04:34:18+05:30
286110179,NAS100.s,Pivot,1,0.0,0.0,🤖 Bot,2025-10-08 04:34:13+05:30,2025-10-08 04:34:13+05:30
286110177,NAS100.s,Scalper,1,0.0,0.0,🤖 Bot,2025-10-08 04:34:10+05:30,2025-10-08 04:34:11+05:30
286110174,XAUUSD.s,Scalper,1,0.0,0.0,🤖 Bot,2025-10-08 04:34:07+05:30,2025-10-08 04:34:07+05:30
286109575,NAS100.s,Scalper,1,0.0,0.0,🤖 Bot,2025-10-08 04:25:25+05:30,2025-10-08 04:25:25+05:30
286109572,XAUUSD.s,Pivot,1,0.0,0.0,🤖 Bot,2025-10-08 04:25:20+05:30,2025-10-08 04:25:21+05:30
286109568,XAUUSD.s,Scalper,1,0.0,0.0,🤖 Bot,2025-10-08 04:25:17+05:30,2025-10-08 04:25:17+05:30
286108482,XAUUSD.s,FibPivot,0,0.0,0.0,🤖 Bot,2025-10-08 04:14:32+05:30,2025-10-08 04:14:32+05:30
286108480,XAUUSD.s,Pivot,0,0.0,0.0,🤖 Bot,2025-10-08 04:14:30+05:30,2025-10-08 04:14:30+05:30
286108334,NAS100.s,Scalper,0,0.0,0.0,🤖 Bot,2025-10-08 04:12:24+05:30,2025-10-08 04:12:24+05:30
286108331,XAGUSD.s,FibPivot,0,0.0,0.0,🤖 Bot,2025-10-08 04:12:21+05:30,2025-10-08 04:12:22+05:30
286108330,XAGUSD.s,Pivot,0,0.0,0.0,🤖 Bot,2025-10-08 04:12:19+05:30,2025-10-08 04:12:19+05:30
286108326,XAGUSD.s,Scalper,0,0.0,0.0,🤖 Bot,2025-10-08 04:12:15+05:30,2025-10-08 04:12:15+05:30
286108325,XAUUSD.s,FibPivot,0,0.0,0.0,🤖 Bot,2025-10-08 04:12:13+05:30,2025-10-08 04:12:13+05:30
286108320,XAUUSD.s,Pivot,0,0.0,0.0,🤖 Bot,2025-10-08 04:12:10+05:30,2025-10-08 04:12:10+05:30
286108314,XAUUSD.s,Scalper,0,0.0,0.0,🤖 Bot,2025-10-08 04:12:07+05:30,2025-10-08 04:12:07+05:30
286108237,XAUUSD.s,Pivot,0,0.0,0.0,🤖 Bot,2025-10-08 04:11:16+05:30,2025-10-08 04:11:16+05:30
286108221,XAUUSD.s,Scalper,0,0.0,0.0,🤖 Bot,2025-10-08 04:11:11+05:30,2025-10-08 04:11:11+05:30
286107985,XAGUSD.s,Scalper,0,0.0,0.0,🤖 Bot,2025-10-08 04:09:06+05:30,2025-10-08 04:09:06+05:30
286107811,XAUUSD.s,FibPivot,0,0.0,0.0,🤖 Bot,2025-10-08 04:05:57+05:30,2025-10-08 04:05:57+05:30
286107810,XAUUSD.s,Pivot,0,0.0,0.0,🤖 Bot,2025-10-08 04:05:54+05:30,2025-10-08 04:05:54+05:30
286107690,NAS100.s,Scalper,0,0.0,0.0,🤖 Bot,2025-10-08 04:04:52+05:30,2025-10-08 04:04:52+05:30
286107689,XAGUSD.s,FibPivot,0,0.0,0.0,🤖 Bot,2025-10-08 04:04:50+05:30,2025-10-08 04:04:50+05:30
286107688,XAGUSD.s,Pivot,0,0.0,0.0,🤖 Bot,2025-10-08 04:04:48+05:30,2025-10-08 04:04:48+05:30
286107687,XAGUSD.s,Scalper,0,0.0,0.0,🤖 Bot,2025-10-08 04:04:45+05:30,2025-10-08 04:04:45+05:30
286107684,XAUUSD.s,Scalper,0,0.0,0.0,🤖 Bot,2025-10-08 04:04:43+05:30,2025-10-08 04:04:43+05:30
286107540,XAGUSD.s,FibPivot,0,0.0,0.0,🤖 Bot,2025-10-08 04:03:05+05:30,2025-10-08 04:03:06+05:30
286107539,XAGUSD.s,Pivot,0,0.0,0.0,🤖 Bot,2025-10-08 04:03:03+05:30,2025-10-08 04:03:03+05:30
286107537,XAGUSD.s,Scalper,0,0.0,0.0,🤖 Bot,2025-10-08 04:03:01+05:30,2025-10-08 04:03:01+05:30
286107529,XAUUSD.s,FibPivot,0,0.0,0.0,🤖 Bot,2025-10-08 04:02:57+05:30,2025-10-08 04:02:58+05:30
286107526,XAUUSD.s,Pivot,0,0.0,0.0,🤖 Bot,2025-10-08 04:02:56+05:30,2025-10-08 04:02:56+05:30
286107524,XAUUSD.s,Scalper,0,0.0,0.0,🤖 Bot,2025-10-08 04:02:54+05:30,2025-10-08 04:02:54+05:30
286107489,NAS100.s,FibPivot,0,0.0,0.0,🤖 Bot,2025-10-08 04:01:49+05:30,2025-10-08 04:01:49+05:30
286107488,NAS100.s,Pivot,0,0.0,0.0,🤖 Bot,2025-10-08 04:01:47+05:30,2025-10-08 04:01:47+05:30
286107487,NAS100.s,Scalper,0,0.0,0.0,🤖 Bot,2025-10-08 04:01:45+05:30,2025-10-08 04:01:45+05:30
286107486,XAGUSD.s,FibPivot,0,0.0,0.0,🤖 Bot,2025-10-08 04:01:42+05:30,2025-10-08 04:01:42+05:30
286107485,XAGUSD.s,Pivot,0,0.0,0.0,🤖 Bot,2025-10-08 04:01:40+05:30,2025-10-08 04:01:40+05:30
286107480,XAGUSD.s,Scalper,0,0.0,0.0,🤖 Bot,2025-10-08 04:01:38+05:30,2025-10-08 04:01:38+05:30
286107472,XAUUSD.s,Scalper,0,0.0,0.0,🤖 Bot,2025-10-08 04:01:34+05:30,2025-10-08 04:01:34+05:30
286107348,NAS100.s,FibPivot,0,0.0,0.0,🤖 Bot,2025-10-08 04:00:30+05:30,2025-10-08 04:00:30+05:30
286107347,NAS100.s,Pivot,0,0.0,0.0,🤖 Bot,2025-10-08 04:00:28+05:30,2025-10-08 04:00:28+05:30
286107343,NAS100.s,Scalper,0,0.0,0.0,🤖 Bot,2025-10-08 04:00:26+05:30,2025-10-08 04:00:26+05:30
286107336,XAGUSD.s,FibPivot,0,0.0,0.0,🤖 Bot,2025-10-08 04:00:23+05:30,2025-10-08 04:00:23+05:30
286107332,XAGUSD.s,Pivot,0,0.0,0.0,🤖 Bot,2025-10-08 04:00:20+05:30,2025-10-08 04:00:20+05:30
286107330,XAGUSD.s,Scalper,0,0.0,0.0,🤖 Bot,2025-10-08 04:00:18+05:30,2025-10-08 04:00:18+05:30
286107322,XAUUSD.s,FibPivot,0,0.0,0.0,🤖 Bot,2025-10-08 04:00:13+05:30,2025-10-08 04:00:13+05:30
286107321,XAUUSD.s,Pivot,0,0.0,0.0,🤖 Bot,2025-10-08 04:00:11+05:30,2025-10-08 04:00:11+05:30
286107316,XAUUSD.s,Scalper,0,0.0,0.0,🤖 Bot,2025-10-08 04:00:08+05:30,2025-10-08 04:00:08+05:30
286107153,NAS100.s,Scalper,0,0.0,0.0,🤖 Bot,2025-10-08 03:59:05+05:30,2025-10-08 03:59:05+05:30
286107115,XAGUSD.s,Scalper,0,0.0,0.0,🤖 Bot,2025-10-08 03:59:00+05:30,2025-10-08 03:59:01+05:30
286107101,XAUUSD.s,Scalper,0,0.0,0.0,🤖 Bot,2025-10-08 03:58:58+05:30,2025-10-08 03:58:58+05:30
286107035,NAS100.s,Scalper,0,0.0,0.0,🤖 Bot,2025-10-08 03:57:55+05:30,2025-10-08 03:57:55+05:30
286107029,XAGUSD.s,Scalper,0,0.0,0.0,🤖 Bot,2025-10-08 03:57:50+05:30,2025-10-08 03:57:50+05:30
286107025,XAUUSD.s,Scalper,0,0.0,0.0,🤖 Bot,2025-10-08 03:57:47+05:30,2025-10-08 03:57:47+05:30
286106906,NAS100.s,FibPivot,0,0.0,0.0,🤖 Bot,2025-10-08 03:56:43+05:30,2025-10-08 03:56:43+05:30
286106905,NAS100.s,Pivot,0,0.0,0.0,🤖 Bot,2025-10-08 03:56:41+05:30,2025-10-08 03:56:41+05:30
286106900,NAS100.s,Scalper,0,0.0,0.0,🤖 Bot,2025-10-08 03:56:39+05:30,2025-10-08 03:56:39+05:30
286106892,XAGUSD.s,Scalper,0,0.0,0.0,🤖 Bot,2025-10-08 03:56:34+05:30,2025-10-08 03:56:34+05:30
286106891,XAUUSD.s,Scalper,0,0.0,0.0,🤖 Bot,2025-10-08 03:56:31+05:30,2025-10-08 03:56:31+05:30
286106848,NAS100.s,FibPivot,0,0.0,0.0,🤖 Bot,2025-10-08 03:55:27+05:30,2025-10-08 03:55:27+05:30
286106847,NAS100.s,Pivot,0,0.0,0.0,🤖 Bot,2025-10-08 03:55:25+05:30,2025-10-08 03:55:25+05:30
286106846,NAS100.s,Scalper,0,0.0,0.0,🤖 Bot,2025-10-08 03:55:22+05:30,2025-10-08 03:55:22+05:30
286106839,XAGUSD.s,Scalper,0,0.0,0.0,🤖 Bot,2025-10-08 03:55:18+05:30,2025-10-08 03:55:18+05:30
286106831,XAUUSD.s,Scalper,0,0.0,0.0,🤖 Bot,2025-10-08 03:55:13+05:30,2025-10-08 03:55:14+05:30
286106770,NAS100.s,Pivot,0,0.0,0.0,🤖 Bot,2025-10-08 03:54:10+05:30,2025-10-08 03:54:11+05:30
286106763,NAS100.s,Scalper,0,0.0,0.0,🤖 Bot,2025-10-08 03:54:08+05:30,2025-10-08 03:54:08+05:30
286106761,XAGUSD.s,FibPivot,0,0.0,0.0,🤖 Bot,2025-10-08 03:54:04+05:30,2025-10-08 03:54:04+05:30
286106758,XAGUSD.s,Pivot,0,0.0,0.0,🤖 Bot,2025-10-08 03:54:01+05:30,2025-10-08 03:54:01+05:30
286106751,XAGUSD.s,Scalper,0,0.0,0.0,🤖 Bot,2025-10-08 03:53:59+05:30,2025-10-08 03:53:59+05:30
286106748,XAUUSD.s,FibPivot,0,0.0,0.0,🤖 Bot,2025-10-08 03:53:56+05:30,2025-10-08 03:53:56+05:30
286106747,XAUUSD.s,Pivot,0,0.0,0.0,🤖 Bot,2025-10-08 03:53:54+05:30,2025-10-08 03:53:54+05:30
286106731,XAUUSD.s,Scalper,0,0.0,0.0,🤖 Bot,2025-10-08 03:53:51+05:30,2025-10-08 03:53:52+05:30
286106672,NAS100.s,Pivot,0,0.0,0.0,🤖 Bot,2025-10-08 03:52:49+05:30,2025-10-08 03:52:49+05:30
286106670,NAS100.s,Scalper,0,0.0,0.0,🤖 Bot,2025-10-08 03:52:47+05:30,2025-10-08 03:52:47+05:30
286106655,XAGUSD.s,FibPivot,0,0.0,0.0,🤖 Bot,2025-10-08 03:52:44+05:30,2025-10-08 03:52:44+05:30
286106651,XAGUSD.s,Pivot,0,0.0,0.0,🤖 Bot,2025-10-08 03:52:42+05:30,2025-10-08 03:52:42+05:30
286106649,XAGUSD.s,Scalper,0,0.0,0.0,🤖 Bot,2025-10-08 03:52:40+05:30,2025-10-08 03:52:40+05:30
286106630,XAUUSD.s,FibPivot,0,0.0,0.0,🤖 Bot,2025-10-08 03:52:36+05:30,2025-10-08 03:52:37+05:30
286106627,XAUUSD.s,Pivot,0,0.0,0.0,🤖 Bot,2025-10-08 03:52:34+05:30,2025-10-08 03:52:34+05:30
286106618,XAUUSD.s,Scalper,0,0.0,0.0,🤖 Bot,2025-10-08 03:52:31+05:30,2025-10-08 03:52:31+05:30
286106493,NAS100.s,FibPivot,0,0.0,0.0,🤖 Bot,2025-10-08 03:51:05+05:30,2025-10-08 03:51:05+05:30
286106490,NAS100.s,Pivot,0,0.0,0.0,🤖 Bot,2025-10-08 03:51:02+05:30,2025-10-08 03:51:02+05:30
286106471,NAS100.s,Scalper,0,0.0,0.0,🤖 Bot,2025-10-08 03:51:00+05:30,2025-10-08 03:51:00+05:30
286106463,XAGUSD.s,FibPivot,0,0.0,0.0,🤖 Bot,2025-10-08 03:50:57+05:30,2025-10-08 03:50:57+05:30
286106462,XAGUSD.s,Pivot,0,0.0,0.0,🤖 Bot,2025-10-08 03:50:55+05:30,2025-10-08 03:50:55+05:30
286106461,XAGUSD.s,Scalper,0,0.0,0.0,🤖 Bot,2025-10-08 03:50:52+05:30,2025-10-08 03:50:52+05:30
286106459,XAUUSD.s,FibPivot,0,0.0,0.0,🤖 Bot,2025-10-08 03:50:49+05:30,2025-10-08 03:50:49+05:30
286106450,XAUUSD.s,Pivot,0,0.0,0.0,🤖 Bot,2025-10-08 03:50:47+05:30,2025-10-08 03:50:47+05:30
286106448,XAUUSD.s,Scalper,0,0.0,0.0,🤖 Bot,2025-10-08 03:50:44+05:30,2025-10-08 03:50:44+05:30
286106381,NAS100.s,FibPivot,0,0.0,0.0,🤖 Bot,2025-10-08 03:49:39+05:30,2025-10-08 03:49:39+05:30
286106379,NAS100.s,Pivot,0,0.0,0.0,🤖 Bot,2025-10-08 03:49:37+05:30,2025-10-08 03:49:37+05:30
286106377,NAS100.s,Scalper,0,0.0,0.0,🤖 Bot,2025-10-08 03:49:34+05:30,2025-10-08 03:49:34+05:30
286106375,XAGUSD.s,Scalper,0,0.0,0.0,🤖 Bot,2025-10-08 03:49:30+05:30,2025-10-08 03:49:30+05:30
286106372,XAUUSD.s,Scalper,0,0.0,0.0,🤖 Bot,2025-10-08 03:49:27+05:30,2025-10-08 03:49:27+05:30
286106344,NAS100.s,FibPivot,0,0.0,0.0,🤖 Bot,2025-10-08 03:48:23+05:30,2025-10-08 03:48:23+05:30
286106341,NAS100.s,Pivot,0,0.0,0.0,🤖 Bot,2025-10-08 03:48:20+05:30,2025-10-08 03:48:20+05:30
286106340,NAS100.s,Scalper,0,0.0,0.0,🤖 Bot,2025-10-08 03:48:18+05:30,2025-10-08 03:48:18+05:30
286106337,XAGUSD.s,FibPivot,0,0.0,0.0,🤖 Bot,2025-10-08 03:48:15+05:30,2025-10-08 03:48:15+05:30
286106336,XAGUSD.s,Pivot,0,0.0,0.0,🤖 Bot,2025-10-08 03:48:13+05:30,2025-10-08 03:48:13+05:30
286106331,XAGUSD.s,Scalper,0,0.0,0.0,🤖 Bot,2025-10-08 03:48:10+05:30,2025-10-08 03:48:10+05:30
286106327,XAUUSD.s,Scalper,0,0.0,0.0,🤖 Bot,2025-10-08 03:48:07+05:30,2025-10-08 03:48:07+05:30
286106277,NAS100.s,FibPivot,0,0.0,0.0,🤖 Bot,2025-10-08 03:47:04+05:30,2025-10-08 03:47:04+05:30
286106273,NAS100.s,Pivot,0,0.0,0.0,🤖 Bot,2025-10-08 03:47:02+05:30,2025-10-08 03:47:02+05:30
286106264,NAS100.s,Scalper,0,0.0,0.0,🤖 Bot,2025-10-08 03:46:59+05:30,2025-10-08 03:47:00+05:30
286106259,XAGUSD.s,Scalper,0,0.0,0.0,🤖 Bot,2025-10-08 03:46:56+05:30,2025-10-08 03:46:56+05:30
286106249,XAUUSD.s,Scalper,0,0.0,0.0,🤖 Bot,2025-10-08 03:46:53+05:30,2025-10-08 03:46:53+05:30
286106146,NAS100.s,FibPivot,0,0.0,0.0,🤖 Bot,2025-10-08 03:45:50+05:30,2025-10-08 03:45:50+05:30
286106144,NAS100.s,Pivot,0,0.0,0.0,🤖 Bot,2025-10-08 03:45:48+05:30,2025-10-08 03:45:48+05:30
286106134,NAS100.s,Scalper,0,0.0,0.0,🤖 Bot,2025-10-08 03:45:45+05:30,2025-10-08 03:45:45+05:30
286106128,XAGUSD.s,FibPivot,0,0.0,0.0,🤖 Bot,2025-10-08 03:45:43+05:30,2025-10-08 03:45:43+05:30
286106127,XAGUSD.s,Pivot,0,0.0,0.0,🤖 Bot,2025-10-08 03:45:40+05:30,2025-10-08 03:45:40+05:30
286106120,XAGUSD.s,Scalper,0,0.0,0.0,🤖 Bot,2025-10-08 03:45:38+05:30,2025-10-08 03:45:38+05:30
286106116,XAUUSD.s,FibPivot,0,0.0,0.0,🤖 Bot,2025-10-08 03:45:35+05:30,2025-10-08 03:45:35+05:30
286106115,XAUUSD.s,Pivot,0,0.0,0.0,🤖 Bot,2025-10-08 03:45:32+05:30,2025-10-08 03:45:32+05:30
286106114,XAUUSD.s,Scalper,0,0.0,0.0,🤖 Bot,2025-10-08 03:45:29+05:30,2025-10-08 03:45:29+05:30
286105691,XAGUSD.s,FibPivot,0,0.0,0.0,🤖 Bot,2025-10-08 03:40:24+05:30,2025-10-08 03:40:24+05:30
286105686,XAGUSD.s,Pivot,0,0.0,0.0,🤖 Bot,2025-10-08 03:40:22+05:30,2025-10-08 03:40:22+05:30
286105684,XAGUSD.s,Scalper,0,0.0,0.0,🤖 Bot,2025-10-08 03:40:19+05:30,2025-10-08 03:40:20+05:30
286105680,XAUUSD.s,FibPivot,0,0.0,0.0,🤖 Bot,2025-10-08 03:40:17+05:30,2025-10-08 03:40:17+05:30
286105677,XAUUSD.s,Pivot,0,0.0,0.0,🤖 Bot,2025-10-08 03:40:15+05:30,2025-10-08 03:40:15+05:30
286105674,XAUUSD.s,Scalper,0,0.0,0.0,🤖 Bot,2025-10-08 03:40:12+05:30,2025-10-08 03:40:12+05:30
286105124,XAUUSD.s,Pivot,0,0.0,0.0,🤖 Bot,2025-10-08 03:36:37+05:30,2025-10-08 03:36:37+05:30
286105122,XAUUSD.s,Scalper,0,0.0,0.0,🤖 Bot,2025-10-08 03:36:34+05:30,2025-10-08 03:36:35+05:30
286104999,XAGUSD.s,FibPivot,0,0.0,0.0,🤖 Bot,2025-10-08 03:35:32+05:30,2025-10-08 03:35:32+05:30
286104996,XAGUSD.s,Pivot,0,0.0,0.0,🤖 Bot,2025-10-08 03:35:30+05:30,2025-10-08 03:35:30+05:30
286104994,XAGUSD.s,Scalper,0,0.0,0.0,🤖 Bot,2025-10-08 03:35:27+05:30,2025-10-08 03:35:27+05:30
286104802,XAGUSD.s,VWAP,0,0.0,0.0,🤖 Bot,2025-10-08 03:33:07+05:30,2025-10-08 03:33:07+05:30
286104800,XAGUSD.s,Scalper,0,0.0,0.0,🤖 Bot,2025-10-08 03:33:05+05:30,2025-10-08 03:33:05+05:30
286104247,XAGUSD.s,PairTrade,0,0.0,0.0,🤖 Bot,2025-10-08 03:29:00+05:30,2025-10-08 03:29:00+05:30
286104245,XAGUSD.s,VWAP,0,0.0,0.0,🤖 Bot,2025-10-08 03:28:57+05:30,2025-10-08 03:28:58+05:30
286104244,XAGUSD.s,Scalper,0,0.0,0.0,🤖 Bot,2025-10-08 03:28:54+05:30,2025-10-08 03:28:55+05:30
287215237,NAS100.s,FibPivot,2,0.0,,,,
287215337,XAUUSD.s,Scalper,3,0.0,,,,
287215338,XAGUSD.s,Scalper,7,0.0,,,,
287215361,XAGUSD.s,Pivot,10,0.0,,,,
287215377,XAGUSD.s,FibPivot,9,0.0,,,,
287215384,NAS100.s,Scalper,5,0.0,,,,
287215392,NAS100.s,Pivot,5,0.0,,,,
287216221,XAUUSD.s,Pivot,10,57.9,,,,
287216225,XAUUSD.s,FibPivot,10,57.55,,,,
287217567,XAUUSD.s,Scalper,0,0.0,,,,
287217587,XAUUSD.s,Pivot,0,0.0,,,,
287217616,XAUUSD.s,FibPivot,0,0.0,,,,
287218470,NAS100.s,Scalper,16,3052.1400000000003,,,,
287220063,XAUUSD.s,MeanReversion,3,0.0,,,,
287222510,XAUUSD.s,Pivot,6,0.0,,,,
287222513,XAUUSD.s,FibPivot,6,0.0,,,,
287222515,NAS100.s,Pivot,0,0.0,,,,
287223401,XAUUSD.s,Scalper,6,0.0,,,,
287223413,XAUUSD.s,MeanReversion,6,0.0,,,,
287224671,NAS100.s,Pivot,0,0.0,,,,
287224681,NAS100.s,FibPivot,0,0.0,,,,
287228078,NAS100.s,Pivot,16,3178.5,,,,
287228083,NAS100.s,FibPivot,14,3200.76,,,,
287228992,XAUUSD.s,Pivot,11,0.0,,,,
287229010,XAUUSD.s,FibPivot,11,0.0,,,,
287231837,XAGUSD.s,Pivot,11,0.0,,,,
287232558,XAGUSD.s,Scalper,2,0.0,,,,
287233820,NAS100.s,Scalper,1,0.0,,,,
287234964,NAS100.s,MeanReversion,3,0.0,,,,
287236151,XAUUSD.s,MeanReversion,5,0.0,,,,
287238055,XAUUSD.s,Pivot,3,0.0,,,,
287238064,XAUUSD.s,FibPivot,3,0.0,,,,
287239098,XAGUSD.s,Pivot,1,0.0,,,,
287239111,NAS100.s,Scalper,14,3590.97,,,,
287239523,XAUUSD.s,Scalper,14,56.1,,,,
287239531,XAGUSD.s,Scalper,11,0.0,,,,
287240189,XAUUSD.s,Pivot,0,0.0,,,,
287240195,XAUUSD.s,FibPivot,0,0.0,,,,
287243016,NAS100.s,Pivot,7,0.0,,,,
287243018,NAS100.s,FibPivot,7,0.0,,,,
287243326,XAUUSD.s,Pivot,0,0.0,,,,
287243327,XAUUSD.s,FibPivot,0,0.0,,,,
287245995,XAUUSD.s,Scalper,6,0.0,,,,
287245999,XAUUSD.s,Pivot,6,0.0,,,,
287246002,XAUUSD.s,FibPivot,6,0.0,,,,
287246646,XAUUSD.s,Pivot,7,56.0,,,,
287246660,XAUUSD.s,FibPivot,2,0.0,,,,
287246666,XAGUSD.s,Pivot,3,0.0,,,,
287247023,XAGUSD.s,Scalper,4,0.0,,,,
287253633,XAGUSD.s,Pivot,10,0.0,,,,
287253646,XAGUSD.s,FibPivot,9,0.0,,,,
287254657,XAUUSD.s,Scalper,2,0.0,,,,
287255127,XAGUSD.s,Scalper,1,0.0,,,,
287255138,NAS100.s,Scalper,4,0.0,,,,
287255148,NAS100.s,Pivot,2,0.0,,,,
287256937,XAUUSD.s,Pivot,4,0.0,,,,
287256945,XAUUSD.s,FibPivot,4,0.0,,,,
287257953,XAUUSD.s,MeanReversion,2,0.0,,,,
287259100,XAGUSD.s,Pivot,0,0.0,,,,
287259111,XAGUSD.s,FibPivot,0,0.0,,,,
287259795,NAS100.s,Pivot,1,0.0,,,,
287259851,NAS100.s,FibPivot,1,0.0,,,,
287260323,NAS100.s,Scalper,0,0.0,,,,
